[     221ms] [LOG] %c🌀 @strudel/core loaded 🌀 background-color: black;color:white;border-radius:15px @ http://localhost:3000/node_modules/@strudel/web/dist/index.js:0
[     412ms] [ERROR] Failed to load resource: the server responded with a status of 404 (Not Found) @ http://localhost:3000/favicon.ico:0
[    7667ms] [LOG] %c[eval] code updated background-color: black;color:white;border-radius:15px @ http://localhost:3000/node_modules/@strudel/web/dist/index.js:0
[    7667ms] [LOG] %c[cyclist] start background-color: black;color:white;border-radius:15px @ http://localhost:3000/node_modules/@strudel/web/dist/index.js:0
[    7707ms] [LOG] %c[getTrigger] error: sound RolandTR909_bd not found! Is it loaded? background-color: black;color:white;border-radius:15px @ http://localhost:3000/node_modules/@strudel/web/dist/index.js:0
[    7708ms] [LOG] %c[getTrigger] error: sound RolandTR909_hh not found! Is it loaded? background-color: black;color:white;border-radius:15px @ http://localhost:3000/node_modules/@strudel/web/dist/index.js:0
[    7709ms] [LOG] [strudle] evaluated demo.strudel @ http://localhost:3000/:64
[    7721ms] [LOG] %c[superdough] AudioWorklets loaded background-color: black;color:white;border-radius:15px @ http://localhost:3000/node_modules/@strudel/web/dist/index.js:0
[    7722ms] [LOG] %c[superdough] ready background-color: black;color:white;border-radius:15px @ http://localhost:3000/node_modules/@strudel/web/dist/index.js:0
[    8179ms] [ERROR] Failed to load resource: the server responded with a status of 404 (Not Found) @ http://localhost:3000/favicon.ico:0
[    8225ms] [LOG] %c[getTrigger] error: sound RolandTR909_hh not found! Is it loaded? background-color: black;color:white;border-radius:15px @ http://localhost:3000/node_modules/@strudel/web/dist/index.js:0
[    8416ms] [LOG] %c[getTrigger] error: sound RolandTR909_sd not found! Is it loaded? background-color: black;color:white;border-radius:15px @ http://localhost:3000/node_modules/@strudel/web/dist/index.js:0
[    8416ms] [LOG] %c[getTrigger] error: sound RolandTR909_hh not found! Is it loaded? background-color: black;color:white;border-radius:15px @ http://localhost:3000/node_modules/@strudel/web/dist/index.js:0
[    8912ms] [LOG] %c[getTrigger] error: sound RolandTR909_bd not found! Is it loaded? background-color: black;color:white;border-radius:15px @ http://localhost:3000/node_modules/@strudel/web/dist/index.js:0
[    8913ms] [LOG] %c[getTrigger] error: sound RolandTR909_hh not found! Is it loaded? background-color: black;color:white;border-radius:15px @ http://localhost:3000/node_modules/@strudel/web/dist/index.js:0
[    9419ms] [LOG] %c[getTrigger] error: sound RolandTR909_sd not found! Is it loaded? background-color: black;color:white;border-radius:15px @ http://localhost:3000/node_modules/@strudel/web/dist/index.js:0
[    9419ms] [LOG] %c[getTrigger] error: sound RolandTR909_hh not found! Is it loaded? background-color: black;color:white;border-radius:15px @ http://localhost:3000/node_modules/@strudel/web/dist/index.js:0
[    9915ms] [LOG] %c[getTrigger] error: sound RolandTR909_bd not found! Is it loaded? background-color: black;color:white;border-radius:15px @ http://localhost:3000/node_modules/@strudel/web/dist/index.js:0
[    9915ms] [LOG] %c[getTrigger] error: sound RolandTR909_hh not found! Is it loaded? background-color: black;color:white;border-radius:15px @ http://localhost:3000/node_modules/@strudel/web/dist/index.js:0
[   10420ms] [LOG] %c[getTrigger] error: sound RolandTR909_sd not found! Is it loaded? background-color: black;color:white;border-radius:15px @ http://localhost:3000/node_modules/@strudel/web/dist/index.js:0
[   10420ms] [LOG] %c[getTrigger] error: sound RolandTR909_hh not found! Is it loaded? background-color: black;color:white;border-radius:15px @ http://localhost:3000/node_modules/@strudel/web/dist/index.js:0
[   10913ms] [LOG] %c[getTrigger] error: sound RolandTR909_bd not found! Is it loaded? background-color: black;color:white;border-radius:15px @ http://localhost:3000/node_modules/@strudel/web/dist/index.js:0
[   10913ms] [LOG] %c[getTrigger] error: sound RolandTR909_hh not found! Is it loaded? background-color: black;color:white;border-radius:15px @ http://localhost:3000/node_modules/@strudel/web/dist/index.js:0
[   11423ms] [LOG] %c[getTrigger] error: sound RolandTR909_sd not found! Is it loaded? background-color: black;color:white;border-radius:15px @ http://localhost:3000/node_modules/@strudel/web/dist/index.js:0
[   11423ms] [LOG] %c[getTrigger] error: sound RolandTR909_hh not found! Is it loaded? background-color: black;color:white;border-radius:15px @ http://localhost:3000/node_modules/@strudel/web/dist/index.js:0
[   11916ms] [LOG] %c[getTrigger] error: sound RolandTR909_bd not found! Is it loaded? background-color: black;color:white;border-radius:15px @ http://localhost:3000/node_modules/@strudel/web/dist/index.js:0
[   11917ms] [LOG] %c[getTrigger] error: sound RolandTR909_hh not found! Is it loaded? background-color: black;color:white;border-radius:15px @ http://localhost:3000/node_modules/@strudel/web/dist/index.js:0
[   12410ms] [LOG] %c[getTrigger] error: sound RolandTR909_sd not found! Is it loaded? background-color: black;color:white;border-radius:15px @ http://localhost:3000/node_modules/@strudel/web/dist/index.js:0
[   12410ms] [LOG] %c[getTrigger] error: sound RolandTR909_hh not found! Is it loaded? background-color: black;color:white;border-radius:15px @ http://localhost:3000/node_modules/@strudel/web/dist/index.js:0
[   12918ms] [LOG] %c[getTrigger] error: sound RolandTR909_bd not found! Is it loaded? background-color: black;color:white;border-radius:15px @ http://localhost:3000/node_modules/@strudel/web/dist/index.js:0
[   12918ms] [LOG] %c[getTrigger] error: sound RolandTR909_hh not found! Is it loaded? background-color: black;color:white;border-radius:15px @ http://localhost:3000/node_modules/@strudel/web/dist/index.js:0
[   13411ms] [LOG] %c[getTrigger] error: sound RolandTR909_sd not found! Is it loaded? background-color: black;color:white;border-radius:15px @ http://localhost:3000/node_modules/@strudel/web/dist/index.js:0
[   13412ms] [LOG] %c[getTrigger] error: sound RolandTR909_hh not found! Is it loaded? background-color: black;color:white;border-radius:15px @ http://localhost:3000/node_modules/@strudel/web/dist/index.js:0
[   13920ms] [LOG] %c[getTrigger] error: sound RolandTR909_bd not found! Is it loaded? background-color: black;color:white;border-radius:15px @ http://localhost:3000/node_modules/@strudel/web/dist/index.js:0
[   13920ms] [LOG] %c[getTrigger] error: sound RolandTR909_hh not found! Is it loaded? background-color: black;color:white;border-radius:15px @ http://localhost:3000/node_modules/@strudel/web/dist/index.js:0
[   14413ms] [LOG] %c[getTrigger] error: sound RolandTR909_sd not found! Is it loaded? background-color: black;color:white;border-radius:15px @ http://localhost:3000/node_modules/@strudel/web/dist/index.js:0
[   14413ms] [LOG] %c[getTrigger] error: sound RolandTR909_hh not found! Is it loaded? background-color: black;color:white;border-radius:15px @ http://localhost:3000/node_modules/@strudel/web/dist/index.js:0
[   14922ms] [LOG] %c[getTrigger] error: sound RolandTR909_bd not found! Is it loaded? background-color: black;color:white;border-radius:15px @ http://localhost:3000/node_modules/@strudel/web/dist/index.js:0
[   14923ms] [LOG] %c[getTrigger] error: sound RolandTR909_hh not found! Is it loaded? background-color: black;color:white;border-radius:15px @ http://localhost:3000/node_modules/@strudel/web/dist/index.js:0
[   15415ms] [LOG] %c[getTrigger] error: sound RolandTR909_sd not found! Is it loaded? background-color: black;color:white;border-radius:15px @ http://localhost:3000/node_modules/@strudel/web/dist/index.js:0
[   15416ms] [LOG] %c[getTrigger] error: sound RolandTR909_hh not found! Is it loaded? background-color: black;color:white;border-radius:15px @ http://localhost:3000/node_modules/@strudel/web/dist/index.js:0
[   15923ms] [LOG] %c[getTrigger] error: sound RolandTR909_bd not found! Is it loaded? background-color: black;color:white;border-radius:15px @ http://localhost:3000/node_modules/@strudel/web/dist/index.js:0
[   15923ms] [LOG] %c[getTrigger] error: sound RolandTR909_hh not found! Is it loaded? background-color: black;color:white;border-radius:15px @ http://localhost:3000/node_modules/@strudel/web/dist/index.js:0
[   16415ms] [LOG] %c[getTrigger] error: sound RolandTR909_sd not found! Is it loaded? background-color: black;color:white;border-radius:15px @ http://localhost:3000/node_modules/@strudel/web/dist/index.js:0
[   16415ms] [LOG] %c[getTrigger] error: sound RolandTR909_hh not found! Is it loaded? background-color: black;color:white;border-radius:15px @ http://localhost:3000/node_modules/@strudel/web/dist/index.js:0
[   16924ms] [LOG] %c[getTrigger] error: sound RolandTR909_bd not found! Is it loaded? background-color: black;color:white;border-radius:15px @ http://localhost:3000/node_modules/@strudel/web/dist/index.js:0
[   16924ms] [LOG] %c[getTrigger] error: sound RolandTR909_hh not found! Is it loaded? background-color: black;color:white;border-radius:15px @ http://localhost:3000/node_modules/@strudel/web/dist/index.js:0
[   17417ms] [LOG] %c[getTrigger] error: sound RolandTR909_sd not found! Is it loaded? background-color: black;color:white;border-radius:15px @ http://localhost:3000/node_modules/@strudel/web/dist/index.js:0
[   17417ms] [LOG] %c[getTrigger] error: sound RolandTR909_hh not found! Is it loaded? background-color: black;color:white;border-radius:15px @ http://localhost:3000/node_modules/@strudel/web/dist/index.js:0
[   17912ms] [LOG] %c[getTrigger] error: sound RolandTR909_bd not found! Is it loaded? background-color: black;color:white;border-radius:15px @ http://localhost:3000/node_modules/@strudel/web/dist/index.js:0
[   17912ms] [LOG] %c[getTrigger] error: sound RolandTR909_hh not found! Is it loaded? background-color: black;color:white;border-radius:15px @ http://localhost:3000/node_modules/@strudel/web/dist/index.js:0
[   18420ms] [LOG] %c[getTrigger] error: sound RolandTR909_sd not found! Is it loaded? background-color: black;color:white;border-radius:15px @ http://localhost:3000/node_modules/@strudel/web/dist/index.js:0
[   18420ms] [LOG] %c[getTrigger] error: sound RolandTR909_hh not found! Is it loaded? background-color: black;color:white;border-radius:15px @ http://localhost:3000/node_modules/@strudel/web/dist/index.js:0
[   18911ms] [LOG] %c[getTrigger] error: sound RolandTR909_bd not found! Is it loaded? background-color: black;color:white;border-radius:15px @ http://localhost:3000/node_modules/@strudel/web/dist/index.js:0
[   18912ms] [LOG] %c[getTrigger] error: sound RolandTR909_hh not found! Is it loaded? background-color: black;color:white;border-radius:15px @ http://localhost:3000/node_modules/@strudel/web/dist/index.js:0
[   19420ms] [LOG] %c[getTrigger] error: sound RolandTR909_sd not found! Is it loaded? background-color: black;color:white;border-radius:15px @ http://localhost:3000/node_modules/@strudel/web/dist/index.js:0
[   19420ms] [LOG] %c[getTrigger] error: sound RolandTR909_hh not found! Is it loaded? background-color: black;color:white;border-radius:15px @ http://localhost:3000/node_modules/@strudel/web/dist/index.js:0
[   19912ms] [LOG] %c[getTrigger] error: sound RolandTR909_bd not found! Is it loaded? background-color: black;color:white;border-radius:15px @ http://localhost:3000/node_modules/@strudel/web/dist/index.js:0
[   19912ms] [LOG] %c[getTrigger] error: sound RolandTR909_hh not found! Is it loaded? background-color: black;color:white;border-radius:15px @ http://localhost:3000/node_modules/@strudel/web/dist/index.js:0
[   20420ms] [LOG] %c[getTrigger] error: sound RolandTR909_sd not found! Is it loaded? background-color: black;color:white;border-radius:15px @ http://localhost:3000/node_modules/@strudel/web/dist/index.js:0
[   20420ms] [LOG] %c[getTrigger] error: sound RolandTR909_hh not found! Is it loaded? background-color: black;color:white;border-radius:15px @ http://localhost:3000/node_modules/@strudel/web/dist/index.js:0
[   20916ms] [LOG] %c[getTrigger] error: sound RolandTR909_bd not found! Is it loaded? background-color: black;color:white;border-radius:15px @ http://localhost:3000/node_modules/@strudel/web/dist/index.js:0
[   20916ms] [LOG] %c[getTrigger] error: sound RolandTR909_hh not found! Is it loaded? background-color: black;color:white;border-radius:15px @ http://localhost:3000/node_modules/@strudel/web/dist/index.js:0
[   21410ms] [LOG] %c[getTrigger] error: sound RolandTR909_sd not found! Is it loaded? background-color: black;color:white;border-radius:15px @ http://localhost:3000/node_modules/@strudel/web/dist/index.js:0
[   21411ms] [LOG] %c[getTrigger] error: sound RolandTR909_hh not found! Is it loaded? background-color: black;color:white;border-radius:15px @ http://localhost:3000/node_modules/@strudel/web/dist/index.js:0
[   21919ms] [LOG] %c[getTrigger] error: sound RolandTR909_bd not found! Is it loaded? background-color: black;color:white;border-radius:15px @ http://localhost:3000/node_modules/@strudel/web/dist/index.js:0
[   21919ms] [LOG] %c[getTrigger] error: sound RolandTR909_hh not found! Is it loaded? background-color: black;color:white;border-radius:15px @ http://localhost:3000/node_modules/@strudel/web/dist/index.js:0
[   22416ms] [LOG] %c[getTrigger] error: sound RolandTR909_sd not found! Is it loaded? background-color: black;color:white;border-radius:15px @ http://localhost:3000/node_modules/@strudel/web/dist/index.js:0
[   22416ms] [LOG] %c[getTrigger] error: sound RolandTR909_hh not found! Is it loaded? background-color: black;color:white;border-radius:15px @ http://localhost:3000/node_modules/@strudel/web/dist/index.js:0
[   22911ms] [LOG] %c[getTrigger] error: sound RolandTR909_bd not found! Is it loaded? background-color: black;color:white;border-radius:15px @ http://localhost:3000/node_modules/@strudel/web/dist/index.js:0
[   22911ms] [LOG] %c[getTrigger] error: sound RolandTR909_hh not found! Is it loaded? background-color: black;color:white;border-radius:15px @ http://localhost:3000/node_modules/@strudel/web/dist/index.js:0
[   23422ms] [LOG] %c[getTrigger] error: sound RolandTR909_sd not found! Is it loaded? background-color: black;color:white;border-radius:15px @ http://localhost:3000/node_modules/@strudel/web/dist/index.js:0
[   23422ms] [LOG] %c[getTrigger] error: sound RolandTR909_hh not found! Is it loaded? background-color: black;color:white;border-radius:15px @ http://localhost:3000/node_modules/@strudel/web/dist/index.js:0
[   23919ms] [LOG] %c[getTrigger] error: sound RolandTR909_bd not found! Is it loaded? background-color: black;color:white;border-radius:15px @ http://localhost:3000/node_modules/@strudel/web/dist/index.js:0
[   23920ms] [LOG] %c[getTrigger] error: sound RolandTR909_hh not found! Is it loaded? background-color: black;color:white;border-radius:15px @ http://localhost:3000/node_modules/@strudel/web/dist/index.js:0
[   24414ms] [LOG] %c[getTrigger] error: sound RolandTR909_sd not found! Is it loaded? background-color: black;color:white;border-radius:15px @ http://localhost:3000/node_modules/@strudel/web/dist/index.js:0
[   24414ms] [LOG] %c[getTrigger] error: sound RolandTR909_hh not found! Is it loaded? background-color: black;color:white;border-radius:15px @ http://localhost:3000/node_modules/@strudel/web/dist/index.js:0
[   24910ms] [LOG] %c[getTrigger] error: sound RolandTR909_bd not found! Is it loaded? background-color: black;color:white;border-radius:15px @ http://localhost:3000/node_modules/@strudel/web/dist/index.js:0
[   24910ms] [LOG] %c[getTrigger] error: sound RolandTR909_hh not found! Is it loaded? background-color: black;color:white;border-radius:15px @ http://localhost:3000/node_modules/@strudel/web/dist/index.js:0
[   25422ms] [LOG] %c[getTrigger] error: sound RolandTR909_sd not found! Is it loaded? background-color: black;color:white;border-radius:15px @ http://localhost:3000/node_modules/@strudel/web/dist/index.js:0
[   25422ms] [LOG] %c[getTrigger] error: sound RolandTR909_hh not found! Is it loaded? background-color: black;color:white;border-radius:15px @ http://localhost:3000/node_modules/@strudel/web/dist/index.js:0
[   25918ms] [LOG] %c[getTrigger] error: sound RolandTR909_bd not found! Is it loaded? background-color: black;color:white;border-radius:15px @ http://localhost:3000/node_modules/@strudel/web/dist/index.js:0
[   25918ms] [LOG] %c[getTrigger] error: sound RolandTR909_hh not found! Is it loaded? background-color: black;color:white;border-radius:15px @ http://localhost:3000/node_modules/@strudel/web/dist/index.js:0
[   26413ms] [LOG] %c[getTrigger] error: sound RolandTR909_sd not found! Is it loaded? background-color: black;color:white;border-radius:15px @ http://localhost:3000/node_modules/@strudel/web/dist/index.js:0
[   26413ms] [LOG] %c[getTrigger] error: sound RolandTR909_hh not found! Is it loaded? background-color: black;color:white;border-radius:15px @ http://localhost:3000/node_modules/@strudel/web/dist/index.js:0
[   26909ms] [LOG] %c[getTrigger] error: sound RolandTR909_bd not found! Is it loaded? background-color: black;color:white;border-radius:15px @ http://localhost:3000/node_modules/@strudel/web/dist/index.js:0
[   26909ms] [LOG] %c[getTrigger] error: sound RolandTR909_hh not found! Is it loaded? background-color: black;color:white;border-radius:15px @ http://localhost:3000/node_modules/@strudel/web/dist/index.js:0
[   27421ms] [LOG] %c[getTrigger] error: sound RolandTR909_sd not found! Is it loaded? background-color: black;color:white;border-radius:15px @ http://localhost:3000/node_modules/@strudel/web/dist/index.js:0
[   27421ms] [LOG] %c[getTrigger] error: sound RolandTR909_hh not found! Is it loaded? background-color: black;color:white;border-radius:15px @ http://localhost:3000/node_modules/@strudel/web/dist/index.js:0
[   27917ms] [LOG] %c[getTrigger] error: sound RolandTR909_bd not found! Is it loaded? background-color: black;color:white;border-radius:15px @ http://localhost:3000/node_modules/@strudel/web/dist/index.js:0
[   27918ms] [LOG] %c[getTrigger] error: sound RolandTR909_hh not found! Is it loaded? background-color: black;color:white;border-radius:15px @ http://localhost:3000/node_modules/@strudel/web/dist/index.js:0
[   28413ms] [LOG] %c[getTrigger] error: sound RolandTR909_sd not found! Is it loaded? background-color: black;color:white;border-radius:15px @ http://localhost:3000/node_modules/@strudel/web/dist/index.js:0
[   28413ms] [LOG] %c[getTrigger] error: sound RolandTR909_hh not found! Is it loaded? background-color: black;color:white;border-radius:15px @ http://localhost:3000/node_modules/@strudel/web/dist/index.js:0
[   28924ms] [LOG] %c[getTrigger] error: sound RolandTR909_bd not found! Is it loaded? background-color: black;color:white;border-radius:15px @ http://localhost:3000/node_modules/@strudel/web/dist/index.js:0
[   28924ms] [LOG] %c[getTrigger] error: sound RolandTR909_hh not found! Is it loaded? background-color: black;color:white;border-radius:15px @ http://localhost:3000/node_modules/@strudel/web/dist/index.js:0
[   29419ms] [LOG] %c[getTrigger] error: sound RolandTR909_sd not found! Is it loaded? background-color: black;color:white;border-radius:15px @ http://localhost:3000/node_modules/@strudel/web/dist/index.js:0
[   29420ms] [LOG] %c[getTrigger] error: sound RolandTR909_hh not found! Is it loaded? background-color: black;color:white;border-radius:15px @ http://localhost:3000/node_modules/@strudel/web/dist/index.js:0
[   29916ms] [LOG] %c[getTrigger] error: sound RolandTR909_bd not found! Is it loaded? background-color: black;color:white;border-radius:15px @ http://localhost:3000/node_modules/@strudel/web/dist/index.js:0
[   29916ms] [LOG] %c[getTrigger] error: sound RolandTR909_hh not found! Is it loaded? background-color: black;color:white;border-radius:15px @ http://localhost:3000/node_modules/@strudel/web/dist/index.js:0
[   30412ms] [LOG] %c[getTrigger] error: sound RolandTR909_sd not found! Is it loaded? background-color: black;color:white;border-radius:15px @ http://localhost:3000/node_modules/@strudel/web/dist/index.js:0
[   30412ms] [LOG] %c[getTrigger] error: sound RolandTR909_hh not found! Is it loaded? background-color: black;color:white;border-radius:15px @ http://localhost:3000/node_modules/@strudel/web/dist/index.js:0
[   30923ms] [LOG] %c[getTrigger] error: sound RolandTR909_bd not found! Is it loaded? background-color: black;color:white;border-radius:15px @ http://localhost:3000/node_modules/@strudel/web/dist/index.js:0
[   30923ms] [LOG] %c[getTrigger] error: sound RolandTR909_hh not found! Is it loaded? background-color: black;color:white;border-radius:15px @ http://localhost:3000/node_modules/@strudel/web/dist/index.js:0
[   31419ms] [LOG] %c[getTrigger] error: sound RolandTR909_sd not found! Is it loaded? background-color: black;color:white;border-radius:15px @ http://localhost:3000/node_modules/@strudel/web/dist/index.js:0
[   31419ms] [LOG] %c[getTrigger] error: sound RolandTR909_hh not found! Is it loaded? background-color: black;color:white;border-radius:15px @ http://localhost:3000/node_modules/@strudel/web/dist/index.js:0
[   31916ms] [LOG] %c[getTrigger] error: sound RolandTR909_bd not found! Is it loaded? background-color: black;color:white;border-radius:15px @ http://localhost:3000/node_modules/@strudel/web/dist/index.js:0
[   31916ms] [LOG] %c[getTrigger] error: sound RolandTR909_hh not found! Is it loaded? background-color: black;color:white;border-radius:15px @ http://localhost:3000/node_modules/@strudel/web/dist/index.js:0
[   32411ms] [LOG] %c[getTrigger] error: sound RolandTR909_sd not found! Is it loaded? background-color: black;color:white;border-radius:15px @ http://localhost:3000/node_modules/@strudel/web/dist/index.js:0
[   32411ms] [LOG] %c[getTrigger] error: sound RolandTR909_hh not found! Is it loaded? background-color: black;color:white;border-radius:15px @ http://localhost:3000/node_modules/@strudel/web/dist/index.js:0
[   32922ms] [LOG] %c[getTrigger] error: sound RolandTR909_bd not found! Is it loaded? background-color: black;color:white;border-radius:15px @ http://localhost:3000/node_modules/@strudel/web/dist/index.js:0
[   32922ms] [LOG] %c[getTrigger] error: sound RolandTR909_hh not found! Is it loaded? background-color: black;color:white;border-radius:15px @ http://localhost:3000/node_modules/@strudel/web/dist/index.js:0
[   33418ms] [LOG] %c[getTrigger] error: sound RolandTR909_sd not found! Is it loaded? background-color: black;color:white;border-radius:15px @ http://localhost:3000/node_modules/@strudel/web/dist/index.js:0
[   33418ms] [LOG] %c[getTrigger] error: sound RolandTR909_hh not found! Is it loaded? background-color: black;color:white;border-radius:15px @ http://localhost:3000/node_modules/@strudel/web/dist/index.js:0
[   33914ms] [LOG] %c[getTrigger] error: sound RolandTR909_bd not found! Is it loaded? background-color: black;color:white;border-radius:15px @ http://localhost:3000/node_modules/@strudel/web/dist/index.js:0
[   33914ms] [LOG] %c[getTrigger] error: sound RolandTR909_hh not found! Is it loaded? background-color: black;color:white;border-radius:15px @ http://localhost:3000/node_modules/@strudel/web/dist/index.js:0
[   34409ms] [LOG] %c[getTrigger] error: sound RolandTR909_sd not found! Is it loaded? background-color: black;color:white;border-radius:15px @ http://localhost:3000/node_modules/@strudel/web/dist/index.js:0
[   34409ms] [LOG] %c[getTrigger] error: sound RolandTR909_hh not found! Is it loaded? background-color: black;color:white;border-radius:15px @ http://localhost:3000/node_modules/@strudel/web/dist/index.js:0
[   34920ms] [LOG] %c[getTrigger] error: sound RolandTR909_bd not found! Is it loaded? background-color: black;color:white;border-radius:15px @ http://localhost:3000/node_modules/@strudel/web/dist/index.js:0
[   34920ms] [LOG] %c[getTrigger] error: sound RolandTR909_hh not found! Is it loaded? background-color: black;color:white;border-radius:15px @ http://localhost:3000/node_modules/@strudel/web/dist/index.js:0
[   35413ms] [LOG] %c[getTrigger] error: sound RolandTR909_sd not found! Is it loaded? background-color: black;color:white;border-radius:15px @ http://localhost:3000/node_modules/@strudel/web/dist/index.js:0
[   35414ms] [LOG] %c[getTrigger] error: sound RolandTR909_hh not found! Is it loaded? background-color: black;color:white;border-radius:15px @ http://localhost:3000/node_modules/@strudel/web/dist/index.js:0
[   35922ms] [LOG] %c[getTrigger] error: sound RolandTR909_bd not found! Is it loaded? background-color: black;color:white;border-radius:15px @ http://localhost:3000/node_modules/@strudel/web/dist/index.js:0
[   35922ms] [LOG] %c[getTrigger] error: sound RolandTR909_hh not found! Is it loaded? background-color: black;color:white;border-radius:15px @ http://localhost:3000/node_modules/@strudel/web/dist/index.js:0
[   36416ms] [LOG] %c[getTrigger] error: sound RolandTR909_sd not found! Is it loaded? background-color: black;color:white;border-radius:15px @ http://localhost:3000/node_modules/@strudel/web/dist/index.js:0
[   36417ms] [LOG] %c[getTrigger] error: sound RolandTR909_hh not found! Is it loaded? background-color: black;color:white;border-radius:15px @ http://localhost:3000/node_modules/@strudel/web/dist/index.js:0
[   36909ms] [LOG] %c[getTrigger] error: sound RolandTR909_bd not found! Is it loaded? background-color: black;color:white;border-radius:15px @ http://localhost:3000/node_modules/@strudel/web/dist/index.js:0
[   36909ms] [LOG] %c[getTrigger] error: sound RolandTR909_hh not found! Is it loaded? background-color: black;color:white;border-radius:15px @ http://localhost:3000/node_modules/@strudel/web/dist/index.js:0
[   37416ms] [LOG] %c[getTrigger] error: sound RolandTR909_sd not found! Is it loaded? background-color: black;color:white;border-radius:15px @ http://localhost:3000/node_modules/@strudel/web/dist/index.js:0
[   37416ms] [LOG] %c[getTrigger] error: sound RolandTR909_hh not found! Is it loaded? background-color: black;color:white;border-radius:15px @ http://localhost:3000/node_modules/@strudel/web/dist/index.js:0
[   37910ms] [LOG] %c[getTrigger] error: sound RolandTR909_bd not found! Is it loaded? background-color: black;color:white;border-radius:15px @ http://localhost:3000/node_modules/@strudel/web/dist/index.js:0
[   37911ms] [LOG] %c[getTrigger] error: sound RolandTR909_hh not found! Is it loaded? background-color: black;color:white;border-radius:15px @ http://localhost:3000/node_modules/@strudel/web/dist/index.js:0
[   38418ms] [LOG] %c[getTrigger] error: sound RolandTR909_sd not found! Is it loaded? background-color: black;color:white;border-radius:15px @ http://localhost:3000/node_modules/@strudel/web/dist/index.js:0
[   38419ms] [LOG] %c[getTrigger] error: sound RolandTR909_hh not found! Is it loaded? background-color: black;color:white;border-radius:15px @ http://localhost:3000/node_modules/@strudel/web/dist/index.js:0
[   38913ms] [LOG] %c[getTrigger] error: sound RolandTR909_bd not found! Is it loaded? background-color: black;color:white;border-radius:15px @ http://localhost:3000/node_modules/@strudel/web/dist/index.js:0
[   38913ms] [LOG] %c[getTrigger] error: sound RolandTR909_hh not found! Is it loaded? background-color: black;color:white;border-radius:15px @ http://localhost:3000/node_modules/@strudel/web/dist/index.js:0
[   39420ms] [LOG] %c[getTrigger] error: sound RolandTR909_sd not found! Is it loaded? background-color: black;color:white;border-radius:15px @ http://localhost:3000/node_modules/@strudel/web/dist/index.js:0
[   39420ms] [LOG] %c[getTrigger] error: sound RolandTR909_hh not found! Is it loaded? background-color: black;color:white;border-radius:15px @ http://localhost:3000/node_modules/@strudel/web/dist/index.js:0
[   39915ms] [LOG] %c[getTrigger] error: sound RolandTR909_bd not found! Is it loaded? background-color: black;color:white;border-radius:15px @ http://localhost:3000/node_modules/@strudel/web/dist/index.js:0
[   39915ms] [LOG] %c[getTrigger] error: sound RolandTR909_hh not found! Is it loaded? background-color: black;color:white;border-radius:15px @ http://localhost:3000/node_modules/@strudel/web/dist/index.js:0
[   40422ms] [LOG] %c[getTrigger] error: sound RolandTR909_sd not found! Is it loaded? background-color: black;color:white;border-radius:15px @ http://localhost:3000/node_modules/@strudel/web/dist/index.js:0
[   40423ms] [LOG] %c[getTrigger] error: sound RolandTR909_hh not found! Is it loaded? background-color: black;color:white;border-radius:15px @ http://localhost:3000/node_modules/@strudel/web/dist/index.js:0
[   40915ms] [LOG] %c[getTrigger] error: sound RolandTR909_bd not found! Is it loaded? background-color: black;color:white;border-radius:15px @ http://localhost:3000/node_modules/@strudel/web/dist/index.js:0
[   40916ms] [LOG] %c[getTrigger] error: sound RolandTR909_hh not found! Is it loaded? background-color: black;color:white;border-radius:15px @ http://localhost:3000/node_modules/@strudel/web/dist/index.js:0
[   41409ms] [LOG] %c[getTrigger] error: sound RolandTR909_sd not found! Is it loaded? background-color: black;color:white;border-radius:15px @ http://localhost:3000/node_modules/@strudel/web/dist/index.js:0
[   41409ms] [LOG] %c[getTrigger] error: sound RolandTR909_hh not found! Is it loaded? background-color: black;color:white;border-radius:15px @ http://localhost:3000/node_modules/@strudel/web/dist/index.js:0
[   41919ms] [LOG] %c[getTrigger] error: sound RolandTR909_bd not found! Is it loaded? background-color: black;color:white;border-radius:15px @ http://localhost:3000/node_modules/@strudel/web/dist/index.js:0
[   41919ms] [LOG] %c[getTrigger] error: sound RolandTR909_hh not found! Is it loaded? background-color: black;color:white;border-radius:15px @ http://localhost:3000/node_modules/@strudel/web/dist/index.js:0
[   42412ms] [LOG] %c[getTrigger] error: sound RolandTR909_sd not found! Is it loaded? background-color: black;color:white;border-radius:15px @ http://localhost:3000/node_modules/@strudel/web/dist/index.js:0
[   42412ms] [LOG] %c[getTrigger] error: sound RolandTR909_hh not found! Is it loaded? background-color: black;color:white;border-radius:15px @ http://localhost:3000/node_modules/@strudel/web/dist/index.js:0
[   42918ms] [LOG] %c[getTrigger] error: sound RolandTR909_bd not found! Is it loaded? background-color: black;color:white;border-radius:15px @ http://localhost:3000/node_modules/@strudel/web/dist/index.js:0
[   42919ms] [LOG] %c[getTrigger] error: sound RolandTR909_hh not found! Is it loaded? background-color: black;color:white;border-radius:15px @ http://localhost:3000/node_modules/@strudel/web/dist/index.js:0
[   43413ms] [LOG] %c[getTrigger] error: sound RolandTR909_sd not found! Is it loaded? background-color: black;color:white;border-radius:15px @ http://localhost:3000/node_modules/@strudel/web/dist/index.js:0
[   43413ms] [LOG] %c[getTrigger] error: sound RolandTR909_hh not found! Is it loaded? background-color: black;color:white;border-radius:15px @ http://localhost:3000/node_modules/@strudel/web/dist/index.js:0
[   43921ms] [LOG] %c[getTrigger] error: sound RolandTR909_bd not found! Is it loaded? background-color: black;color:white;border-radius:15px @ http://localhost:3000/node_modules/@strudel/web/dist/index.js:0
[   43922ms] [LOG] %c[getTrigger] error: sound RolandTR909_hh not found! Is it loaded? background-color: black;color:white;border-radius:15px @ http://localhost:3000/node_modules/@strudel/web/dist/index.js:0
[   44413ms] [LOG] %c[getTrigger] error: sound RolandTR909_sd not found! Is it loaded? background-color: black;color:white;border-radius:15px @ http://localhost:3000/node_modules/@strudel/web/dist/index.js:0
[   44414ms] [LOG] %c[getTrigger] error: sound RolandTR909_hh not found! Is it loaded? background-color: black;color:white;border-radius:15px @ http://localhost:3000/node_modules/@strudel/web/dist/index.js:0
[   44921ms] [LOG] %c[getTrigger] error: sound RolandTR909_bd not found! Is it loaded? background-color: black;color:white;border-radius:15px @ http://localhost:3000/node_modules/@strudel/web/dist/index.js:0
[   44921ms] [LOG] %c[getTrigger] error: sound RolandTR909_hh not found! Is it loaded? background-color: black;color:white;border-radius:15px @ http://localhost:3000/node_modules/@strudel/web/dist/index.js:0
[   45413ms] [LOG] %c[getTrigger] error: sound RolandTR909_sd not found! Is it loaded? background-color: black;color:white;border-radius:15px @ http://localhost:3000/node_modules/@strudel/web/dist/index.js:0
[   45413ms] [LOG] %c[getTrigger] error: sound RolandTR909_hh not found! Is it loaded? background-color: black;color:white;border-radius:15px @ http://localhost:3000/node_modules/@strudel/web/dist/index.js:0
[   45922ms] [LOG] %c[getTrigger] error: sound RolandTR909_bd not found! Is it loaded? background-color: black;color:white;border-radius:15px @ http://localhost:3000/node_modules/@strudel/web/dist/index.js:0
[   45923ms] [LOG] %c[getTrigger] error: sound RolandTR909_hh not found! Is it loaded? background-color: black;color:white;border-radius:15px @ http://localhost:3000/node_modules/@strudel/web/dist/index.js:0
[   46415ms] [LOG] %c[getTrigger] error: sound RolandTR909_sd not found! Is it loaded? background-color: black;color:white;border-radius:15px @ http://localhost:3000/node_modules/@strudel/web/dist/index.js:0
[   46415ms] [LOG] %c[getTrigger] error: sound RolandTR909_hh not found! Is it loaded? background-color: black;color:white;border-radius:15px @ http://localhost:3000/node_modules/@strudel/web/dist/index.js:0
[   46909ms] [LOG] %c[getTrigger] error: sound RolandTR909_bd not found! Is it loaded? background-color: black;color:white;border-radius:15px @ http://localhost:3000/node_modules/@strudel/web/dist/index.js:0
[   46909ms] [LOG] %c[getTrigger] error: sound RolandTR909_hh not found! Is it loaded? background-color: black;color:white;border-radius:15px @ http://localhost:3000/node_modules/@strudel/web/dist/index.js:0
[   47416ms] [LOG] %c[getTrigger] error: sound RolandTR909_sd not found! Is it loaded? background-color: black;color:white;border-radius:15px @ http://localhost:3000/node_modules/@strudel/web/dist/index.js:0
[   47416ms] [LOG] %c[getTrigger] error: sound RolandTR909_hh not found! Is it loaded? background-color: black;color:white;border-radius:15px @ http://localhost:3000/node_modules/@strudel/web/dist/index.js:0
[   47912ms] [LOG] %c[getTrigger] error: sound RolandTR909_bd not found! Is it loaded? background-color: black;color:white;border-radius:15px @ http://localhost:3000/node_modules/@strudel/web/dist/index.js:0
[   47912ms] [LOG] %c[getTrigger] error: sound RolandTR909_hh not found! Is it loaded? background-color: black;color:white;border-radius:15px @ http://localhost:3000/node_modules/@strudel/web/dist/index.js:0
[   48421ms] [LOG] %c[getTrigger] error: sound RolandTR909_sd not found! Is it loaded? background-color: black;color:white;border-radius:15px @ http://localhost:3000/node_modules/@strudel/web/dist/index.js:0
[   48421ms] [LOG] %c[getTrigger] error: sound RolandTR909_hh not found! Is it loaded? background-color: black;color:white;border-radius:15px @ http://localhost:3000/node_modules/@strudel/web/dist/index.js:0
[   48915ms] [LOG] %c[getTrigger] error: sound RolandTR909_bd not found! Is it loaded? background-color: black;color:white;border-radius:15px @ http://localhost:3000/node_modules/@strudel/web/dist/index.js:0
[   48915ms] [LOG] %c[getTrigger] error: sound RolandTR909_hh not found! Is it loaded? background-color: black;color:white;border-radius:15px @ http://localhost:3000/node_modules/@strudel/web/dist/index.js:0
[   49423ms] [LOG] %c[getTrigger] error: sound RolandTR909_sd not found! Is it loaded? background-color: black;color:white;border-radius:15px @ http://localhost:3000/node_modules/@strudel/web/dist/index.js:0
[   49423ms] [LOG] %c[getTrigger] error: sound RolandTR909_hh not found! Is it loaded? background-color: black;color:white;border-radius:15px @ http://localhost:3000/node_modules/@strudel/web/dist/index.js:0
[   49915ms] [LOG] %c[getTrigger] error: sound RolandTR909_bd not found! Is it loaded? background-color: black;color:white;border-radius:15px @ http://localhost:3000/node_modules/@strudel/web/dist/index.js:0
[   49915ms] [LOG] %c[getTrigger] error: sound RolandTR909_hh not found! Is it loaded? background-color: black;color:white;border-radius:15px @ http://localhost:3000/node_modules/@strudel/web/dist/index.js:0
[   50424ms] [LOG] %c[getTrigger] error: sound RolandTR909_sd not found! Is it loaded? background-color: black;color:white;border-radius:15px @ http://localhost:3000/node_modules/@strudel/web/dist/index.js:0
[   50424ms] [LOG] %c[getTrigger] error: sound RolandTR909_hh not found! Is it loaded? background-color: black;color:white;border-radius:15px @ http://localhost:3000/node_modules/@strudel/web/dist/index.js:0
[   50917ms] [LOG] %c[getTrigger] error: sound RolandTR909_bd not found! Is it loaded? background-color: black;color:white;border-radius:15px @ http://localhost:3000/node_modules/@strudel/web/dist/index.js:0
[   50917ms] [LOG] %c[getTrigger] error: sound RolandTR909_hh not found! Is it loaded? background-color: black;color:white;border-radius:15px @ http://localhost:3000/node_modules/@strudel/web/dist/index.js:0
[   51411ms] [LOG] %c[getTrigger] error: sound RolandTR909_sd not found! Is it loaded? background-color: black;color:white;border-radius:15px @ http://localhost:3000/node_modules/@strudel/web/dist/index.js:0
[   51411ms] [LOG] %c[getTrigger] error: sound RolandTR909_hh not found! Is it loaded? background-color: black;color:white;border-radius:15px @ http://localhost:3000/node_modules/@strudel/web/dist/index.js:0
[   51920ms] [LOG] %c[getTrigger] error: sound RolandTR909_bd not found! Is it loaded? background-color: black;color:white;border-radius:15px @ http://localhost:3000/node_modules/@strudel/web/dist/index.js:0
[   51921ms] [LOG] %c[getTrigger] error: sound RolandTR909_hh not found! Is it loaded? background-color: black;color:white;border-radius:15px @ http://localhost:3000/node_modules/@strudel/web/dist/index.js:0
[   52413ms] [LOG] %c[getTrigger] error: sound RolandTR909_sd not found! Is it loaded? background-color: black;color:white;border-radius:15px @ http://localhost:3000/node_modules/@strudel/web/dist/index.js:0
[   52413ms] [LOG] %c[getTrigger] error: sound RolandTR909_hh not found! Is it loaded? background-color: black;color:white;border-radius:15px @ http://localhost:3000/node_modules/@strudel/web/dist/index.js:0
[   52923ms] [LOG] %c[getTrigger] error: sound RolandTR909_bd not found! Is it loaded? background-color: black;color:white;border-radius:15px @ http://localhost:3000/node_modules/@strudel/web/dist/index.js:0
[   52923ms] [LOG] %c[getTrigger] error: sound RolandTR909_hh not found! Is it loaded? background-color: black;color:white;border-radius:15px @ http://localhost:3000/node_modules/@strudel/web/dist/index.js:0
[   53419ms] [LOG] %c[getTrigger] error: sound RolandTR909_sd not found! Is it loaded? background-color: black;color:white;border-radius:15px @ http://localhost:3000/node_modules/@strudel/web/dist/index.js:0
[   53420ms] [LOG] %c[getTrigger] error: sound RolandTR909_hh not found! Is it loaded? background-color: black;color:white;border-radius:15px @ http://localhost:3000/node_modules/@strudel/web/dist/index.js:0
[   53914ms] [LOG] %c[getTrigger] error: sound RolandTR909_bd not found! Is it loaded? background-color: black;color:white;border-radius:15px @ http://localhost:3000/node_modules/@strudel/web/dist/index.js:0
[   53914ms] [LOG] %c[getTrigger] error: sound RolandTR909_hh not found! Is it loaded? background-color: black;color:white;border-radius:15px @ http://localhost:3000/node_modules/@strudel/web/dist/index.js:0
[   54422ms] [LOG] %c[getTrigger] error: sound RolandTR909_sd not found! Is it loaded? background-color: black;color:white;border-radius:15px @ http://localhost:3000/node_modules/@strudel/web/dist/index.js:0
[   54422ms] [LOG] %c[getTrigger] error: sound RolandTR909_hh not found! Is it loaded? background-color: black;color:white;border-radius:15px @ http://localhost:3000/node_modules/@strudel/web/dist/index.js:0
[   54916ms] [LOG] %c[getTrigger] error: sound RolandTR909_bd not found! Is it loaded? background-color: black;color:white;border-radius:15px @ http://localhost:3000/node_modules/@strudel/web/dist/index.js:0
[   54917ms] [LOG] %c[getTrigger] error: sound RolandTR909_hh not found! Is it loaded? background-color: black;color:white;border-radius:15px @ http://localhost:3000/node_modules/@strudel/web/dist/index.js:0
[   55424ms] [LOG] %c[getTrigger] error: sound RolandTR909_sd not found! Is it loaded? background-color: black;color:white;border-radius:15px @ http://localhost:3000/node_modules/@strudel/web/dist/index.js:0
[   55424ms] [LOG] %c[getTrigger] error: sound RolandTR909_hh not found! Is it loaded? background-color: black;color:white;border-radius:15px @ http://localhost:3000/node_modules/@strudel/web/dist/index.js:0
[   55915ms] [LOG] %c[getTrigger] error: sound RolandTR909_bd not found! Is it loaded? background-color: black;color:white;border-radius:15px @ http://localhost:3000/node_modules/@strudel/web/dist/index.js:0
[   55916ms] [LOG] %c[getTrigger] error: sound RolandTR909_hh not found! Is it loaded? background-color: black;color:white;border-radius:15px @ http://localhost:3000/node_modules/@strudel/web/dist/index.js:0
[   56409ms] [LOG] %c[getTrigger] error: sound RolandTR909_sd not found! Is it loaded? background-color: black;color:white;border-radius:15px @ http://localhost:3000/node_modules/@strudel/web/dist/index.js:0
[   56409ms] [LOG] %c[getTrigger] error: sound RolandTR909_hh not found! Is it loaded? background-color: black;color:white;border-radius:15px @ http://localhost:3000/node_modules/@strudel/web/dist/index.js:0
[   56918ms] [LOG] %c[getTrigger] error: sound RolandTR909_bd not found! Is it loaded? background-color: black;color:white;border-radius:15px @ http://localhost:3000/node_modules/@strudel/web/dist/index.js:0
[   56919ms] [LOG] %c[getTrigger] error: sound RolandTR909_hh not found! Is it loaded? background-color: black;color:white;border-radius:15px @ http://localhost:3000/node_modules/@strudel/web/dist/index.js:0
[   57413ms] [LOG] %c[getTrigger] error: sound RolandTR909_sd not found! Is it loaded? background-color: black;color:white;border-radius:15px @ http://localhost:3000/node_modules/@strudel/web/dist/index.js:0
[   57413ms] [LOG] %c[getTrigger] error: sound RolandTR909_hh not found! Is it loaded? background-color: black;color:white;border-radius:15px @ http://localhost:3000/node_modules/@strudel/web/dist/index.js:0
[   57909ms] [LOG] %c[getTrigger] error: sound RolandTR909_bd not found! Is it loaded? background-color: black;color:white;border-radius:15px @ http://localhost:3000/node_modules/@strudel/web/dist/index.js:0
[   57910ms] [LOG] %c[getTrigger] error: sound RolandTR909_hh not found! Is it loaded? background-color: black;color:white;border-radius:15px @ http://localhost:3000/node_modules/@strudel/web/dist/index.js:0
[   58421ms] [LOG] %c[getTrigger] error: sound RolandTR909_sd not found! Is it loaded? background-color: black;color:white;border-radius:15px @ http://localhost:3000/node_modules/@strudel/web/dist/index.js:0
[   58421ms] [LOG] %c[getTrigger] error: sound RolandTR909_hh not found! Is it loaded? background-color: black;color:white;border-radius:15px @ http://localhost:3000/node_modules/@strudel/web/dist/index.js:0
[   58917ms] [LOG] %c[getTrigger] error: sound RolandTR909_bd not found! Is it loaded? background-color: black;color:white;border-radius:15px @ http://localhost:3000/node_modules/@strudel/web/dist/index.js:0
[   58917ms] [LOG] %c[getTrigger] error: sound RolandTR909_hh not found! Is it loaded? background-color: black;color:white;border-radius:15px @ http://localhost:3000/node_modules/@strudel/web/dist/index.js:0
[   59413ms] [LOG] %c[getTrigger] error: sound RolandTR909_sd not found! Is it loaded? background-color: black;color:white;border-radius:15px @ http://localhost:3000/node_modules/@strudel/web/dist/index.js:0
[   59413ms] [LOG] %c[getTrigger] error: sound RolandTR909_hh not found! Is it loaded? background-color: black;color:white;border-radius:15px @ http://localhost:3000/node_modules/@strudel/web/dist/index.js:0
[   59909ms] [LOG] %c[getTrigger] error: sound RolandTR909_bd not found! Is it loaded? background-color: black;color:white;border-radius:15px @ http://localhost:3000/node_modules/@strudel/web/dist/index.js:0
[   59909ms] [LOG] %c[getTrigger] error: sound RolandTR909_hh not found! Is it loaded? background-color: black;color:white;border-radius:15px @ http://localhost:3000/node_modules/@strudel/web/dist/index.js:0
[   60418ms] [LOG] %c[getTrigger] error: sound RolandTR909_sd not found! Is it loaded? background-color: black;color:white;border-radius:15px @ http://localhost:3000/node_modules/@strudel/web/dist/index.js:0
[   60418ms] [LOG] %c[getTrigger] error: sound RolandTR909_hh not found! Is it loaded? background-color: black;color:white;border-radius:15px @ http://localhost:3000/node_modules/@strudel/web/dist/index.js:0
[   60909ms] [LOG] %c[getTrigger] error: sound RolandTR909_bd not found! Is it loaded? background-color: black;color:white;border-radius:15px @ http://localhost:3000/node_modules/@strudel/web/dist/index.js:0
[   60909ms] [LOG] %c[getTrigger] error: sound RolandTR909_hh not found! Is it loaded? background-color: black;color:white;border-radius:15px @ http://localhost:3000/node_modules/@strudel/web/dist/index.js:0
[   61415ms] [LOG] %c[getTrigger] error: sound RolandTR909_sd not found! Is it loaded? background-color: black;color:white;border-radius:15px @ http://localhost:3000/node_modules/@strudel/web/dist/index.js:0
[   61416ms] [LOG] %c[getTrigger] error: sound RolandTR909_hh not found! Is it loaded? background-color: black;color:white;border-radius:15px @ http://localhost:3000/node_modules/@strudel/web/dist/index.js:0
[   61909ms] [LOG] %c[getTrigger] error: sound RolandTR909_bd not found! Is it loaded? background-color: black;color:white;border-radius:15px @ http://localhost:3000/node_modules/@strudel/web/dist/index.js:0
[   61909ms] [LOG] %c[getTrigger] error: sound RolandTR909_hh not found! Is it loaded? background-color: black;color:white;border-radius:15px @ http://localhost:3000/node_modules/@strudel/web/dist/index.js:0
[   62416ms] [LOG] %c[getTrigger] error: sound RolandTR909_sd not found! Is it loaded? background-color: black;color:white;border-radius:15px @ http://localhost:3000/node_modules/@strudel/web/dist/index.js:0
[   62416ms] [LOG] %c[getTrigger] error: sound RolandTR909_hh not found! Is it loaded? background-color: black;color:white;border-radius:15px @ http://localhost:3000/node_modules/@strudel/web/dist/index.js:0
[   62911ms] [LOG] %c[getTrigger] error: sound RolandTR909_bd not found! Is it loaded? background-color: black;color:white;border-radius:15px @ http://localhost:3000/node_modules/@strudel/web/dist/index.js:0
[   62911ms] [LOG] %c[getTrigger] error: sound RolandTR909_hh not found! Is it loaded? background-color: black;color:white;border-radius:15px @ http://localhost:3000/node_modules/@strudel/web/dist/index.js:0
[   63420ms] [LOG] %c[getTrigger] error: sound RolandTR909_sd not found! Is it loaded? background-color: black;color:white;border-radius:15px @ http://localhost:3000/node_modules/@strudel/web/dist/index.js:0
[   63420ms] [LOG] %c[getTrigger] error: sound RolandTR909_hh not found! Is it loaded? background-color: black;color:white;border-radius:15px @ http://localhost:3000/node_modules/@strudel/web/dist/index.js:0
[   63913ms] [LOG] %c[getTrigger] error: sound RolandTR909_bd not found! Is it loaded? background-color: black;color:white;border-radius:15px @ http://localhost:3000/node_modules/@strudel/web/dist/index.js:0
[   63914ms] [LOG] %c[getTrigger] error: sound RolandTR909_hh not found! Is it loaded? background-color: black;color:white;border-radius:15px @ http://localhost:3000/node_modules/@strudel/web/dist/index.js:0
[   64422ms] [LOG] %c[getTrigger] error: sound RolandTR909_sd not found! Is it loaded? background-color: black;color:white;border-radius:15px @ http://localhost:3000/node_modules/@strudel/web/dist/index.js:0
[   64422ms] [LOG] %c[getTrigger] error: sound RolandTR909_hh not found! Is it loaded? background-color: black;color:white;border-radius:15px @ http://localhost:3000/node_modules/@strudel/web/dist/index.js:0
[   64914ms] [LOG] %c[getTrigger] error: sound RolandTR909_bd not found! Is it loaded? background-color: black;color:white;border-radius:15px @ http://localhost:3000/node_modules/@strudel/web/dist/index.js:0
[   64914ms] [LOG] %c[getTrigger] error: sound RolandTR909_hh not found! Is it loaded? background-color: black;color:white;border-radius:15px @ http://localhost:3000/node_modules/@strudel/web/dist/index.js:0
[   65423ms] [LOG] %c[getTrigger] error: sound RolandTR909_sd not found! Is it loaded? background-color: black;color:white;border-radius:15px @ http://localhost:3000/node_modules/@strudel/web/dist/index.js:0
[   65423ms] [LOG] %c[getTrigger] error: sound RolandTR909_hh not found! Is it loaded? background-color: black;color:white;border-radius:15px @ http://localhost:3000/node_modules/@strudel/web/dist/index.js:0
[   65914ms] [LOG] %c[getTrigger] error: sound RolandTR909_bd not found! Is it loaded? background-color: black;color:white;border-radius:15px @ http://localhost:3000/node_modules/@strudel/web/dist/index.js:0
[   65914ms] [LOG] %c[getTrigger] error: sound RolandTR909_hh not found! Is it loaded? background-color: black;color:white;border-radius:15px @ http://localhost:3000/node_modules/@strudel/web/dist/index.js:0
[   66409ms] [LOG] %c[getTrigger] error: sound RolandTR909_sd not found! Is it loaded? background-color: black;color:white;border-radius:15px @ http://localhost:3000/node_modules/@strudel/web/dist/index.js:0
[   66409ms] [LOG] %c[getTrigger] error: sound RolandTR909_hh not found! Is it loaded? background-color: black;color:white;border-radius:15px @ http://localhost:3000/node_modules/@strudel/web/dist/index.js:0
[   66918ms] [LOG] %c[getTrigger] error: sound RolandTR909_bd not found! Is it loaded? background-color: black;color:white;border-radius:15px @ http://localhost:3000/node_modules/@strudel/web/dist/index.js:0
[   66918ms] [LOG] %c[getTrigger] error: sound RolandTR909_hh not found! Is it loaded? background-color: black;color:white;border-radius:15px @ http://localhost:3000/node_modules/@strudel/web/dist/index.js:0
[   67411ms] [LOG] %c[getTrigger] error: sound RolandTR909_sd not found! Is it loaded? background-color: black;color:white;border-radius:15px @ http://localhost:3000/node_modules/@strudel/web/dist/index.js:0
[   67411ms] [LOG] %c[getTrigger] error: sound RolandTR909_hh not found! Is it loaded? background-color: black;color:white;border-radius:15px @ http://localhost:3000/node_modules/@strudel/web/dist/index.js:0
[   67919ms] [LOG] %c[getTrigger] error: sound RolandTR909_bd not found! Is it loaded? background-color: black;color:white;border-radius:15px @ http://localhost:3000/node_modules/@strudel/web/dist/index.js:0
[   67920ms] [LOG] %c[getTrigger] error: sound RolandTR909_hh not found! Is it loaded? background-color: black;color:white;border-radius:15px @ http://localhost:3000/node_modules/@strudel/web/dist/index.js:0
[   68413ms] [LOG] %c[getTrigger] error: sound RolandTR909_sd not found! Is it loaded? background-color: black;color:white;border-radius:15px @ http://localhost:3000/node_modules/@strudel/web/dist/index.js:0
[   68413ms] [LOG] %c[getTrigger] error: sound RolandTR909_hh not found! Is it loaded? background-color: black;color:white;border-radius:15px @ http://localhost:3000/node_modules/@strudel/web/dist/index.js:0
[   68922ms] [LOG] %c[getTrigger] error: sound RolandTR909_bd not found! Is it loaded? background-color: black;color:white;border-radius:15px @ http://localhost:3000/node_modules/@strudel/web/dist/index.js:0
[   68922ms] [LOG] %c[getTrigger] error: sound RolandTR909_hh not found! Is it loaded? background-color: black;color:white;border-radius:15px @ http://localhost:3000/node_modules/@strudel/web/dist/index.js:0
[   69414ms] [LOG] %c[getTrigger] error: sound RolandTR909_sd not found! Is it loaded? background-color: black;color:white;border-radius:15px @ http://localhost:3000/node_modules/@strudel/web/dist/index.js:0
[   69414ms] [LOG] %c[getTrigger] error: sound RolandTR909_hh not found! Is it loaded? background-color: black;color:white;border-radius:15px @ http://localhost:3000/node_modules/@strudel/web/dist/index.js:0
[   69923ms] [LOG] %c[getTrigger] error: sound RolandTR909_bd not found! Is it loaded? background-color: black;color:white;border-radius:15px @ http://localhost:3000/node_modules/@strudel/web/dist/index.js:0
[   69924ms] [LOG] %c[getTrigger] error: sound RolandTR909_hh not found! Is it loaded? background-color: black;color:white;border-radius:15px @ http://localhost:3000/node_modules/@strudel/web/dist/index.js:0
[   70415ms] [LOG] %c[getTrigger] error: sound RolandTR909_sd not found! Is it loaded? background-color: black;color:white;border-radius:15px @ http://localhost:3000/node_modules/@strudel/web/dist/index.js:0
[   70415ms] [LOG] %c[getTrigger] error: sound RolandTR909_hh not found! Is it loaded? background-color: black;color:white;border-radius:15px @ http://localhost:3000/node_modules/@strudel/web/dist/index.js:0
[   70910ms] [LOG] %c[getTrigger] error: sound RolandTR909_bd not found! Is it loaded? background-color: black;color:white;border-radius:15px @ http://localhost:3000/node_modules/@strudel/web/dist/index.js:0
[   70911ms] [LOG] %c[getTrigger] error: sound RolandTR909_hh not found! Is it loaded? background-color: black;color:white;border-radius:15px @ http://localhost:3000/node_modules/@strudel/web/dist/index.js:0
[   71420ms] [LOG] %c[getTrigger] error: sound RolandTR909_sd not found! Is it loaded? background-color: black;color:white;border-radius:15px @ http://localhost:3000/node_modules/@strudel/web/dist/index.js:0
[   71420ms] [LOG] %c[getTrigger] error: sound RolandTR909_hh not found! Is it loaded? background-color: black;color:white;border-radius:15px @ http://localhost:3000/node_modules/@strudel/web/dist/index.js:0
[   71915ms] [LOG] %c[getTrigger] error: sound RolandTR909_bd not found! Is it loaded? background-color: black;color:white;border-radius:15px @ http://localhost:3000/node_modules/@strudel/web/dist/index.js:0
[   71916ms] [LOG] %c[getTrigger] error: sound RolandTR909_hh not found! Is it loaded? background-color: black;color:white;border-radius:15px @ http://localhost:3000/node_modules/@strudel/web/dist/index.js:0
[   72424ms] [LOG] %c[getTrigger] error: sound RolandTR909_sd not found! Is it loaded? background-color: black;color:white;border-radius:15px @ http://localhost:3000/node_modules/@strudel/web/dist/index.js:0
[   72424ms] [LOG] %c[getTrigger] error: sound RolandTR909_hh not found! Is it loaded? background-color: black;color:white;border-radius:15px @ http://localhost:3000/node_modules/@strudel/web/dist/index.js:0
[   72919ms] [LOG] %c[getTrigger] error: sound RolandTR909_bd not found! Is it loaded? background-color: black;color:white;border-radius:15px @ http://localhost:3000/node_modules/@strudel/web/dist/index.js:0
[   72920ms] [LOG] %c[getTrigger] error: sound RolandTR909_hh not found! Is it loaded? background-color: black;color:white;border-radius:15px @ http://localhost:3000/node_modules/@strudel/web/dist/index.js:0
[   73413ms] [LOG] %c[getTrigger] error: sound RolandTR909_sd not found! Is it loaded? background-color: black;color:white;border-radius:15px @ http://localhost:3000/node_modules/@strudel/web/dist/index.js:0
[   73414ms] [LOG] %c[getTrigger] error: sound RolandTR909_hh not found! Is it loaded? background-color: black;color:white;border-radius:15px @ http://localhost:3000/node_modules/@strudel/web/dist/index.js:0
[   73923ms] [LOG] %c[getTrigger] error: sound RolandTR909_bd not found! Is it loaded? background-color: black;color:white;border-radius:15px @ http://localhost:3000/node_modules/@strudel/web/dist/index.js:0
[   73923ms] [LOG] %c[getTrigger] error: sound RolandTR909_hh not found! Is it loaded? background-color: black;color:white;border-radius:15px @ http://localhost:3000/node_modules/@strudel/web/dist/index.js:0
[   74418ms] [LOG] %c[getTrigger] error: sound RolandTR909_sd not found! Is it loaded? background-color: black;color:white;border-radius:15px @ http://localhost:3000/node_modules/@strudel/web/dist/index.js:0
[   74418ms] [LOG] %c[getTrigger] error: sound RolandTR909_hh not found! Is it loaded? background-color: black;color:white;border-radius:15px @ http://localhost:3000/node_modules/@strudel/web/dist/index.js:0
[   74923ms] [LOG] %c[getTrigger] error: sound RolandTR909_bd not found! Is it loaded? background-color: black;color:white;border-radius:15px @ http://localhost:3000/node_modules/@strudel/web/dist/index.js:0
[   74923ms] [LOG] %c[getTrigger] error: sound RolandTR909_hh not found! Is it loaded? background-color: black;color:white;border-radius:15px @ http://localhost:3000/node_modules/@strudel/web/dist/index.js:0
[   75418ms] [LOG] %c[getTrigger] error: sound RolandTR909_sd not found! Is it loaded? background-color: black;color:white;border-radius:15px @ http://localhost:3000/node_modules/@strudel/web/dist/index.js:0
[   75418ms] [LOG] %c[getTrigger] error: sound RolandTR909_hh not found! Is it loaded? background-color: black;color:white;border-radius:15px @ http://localhost:3000/node_modules/@strudel/web/dist/index.js:0
[   75914ms] [LOG] %c[getTrigger] error: sound RolandTR909_bd not found! Is it loaded? background-color: black;color:white;border-radius:15px @ http://localhost:3000/node_modules/@strudel/web/dist/index.js:0
[   75914ms] [LOG] %c[getTrigger] error: sound RolandTR909_hh not found! Is it loaded? background-color: black;color:white;border-radius:15px @ http://localhost:3000/node_modules/@strudel/web/dist/index.js:0
[   76422ms] [LOG] %c[getTrigger] error: sound RolandTR909_sd not found! Is it loaded? background-color: black;color:white;border-radius:15px @ http://localhost:3000/node_modules/@strudel/web/dist/index.js:0
[   76422ms] [LOG] %c[getTrigger] error: sound RolandTR909_hh not found! Is it loaded? background-color: black;color:white;border-radius:15px @ http://localhost:3000/node_modules/@strudel/web/dist/index.js:0
[   76918ms] [LOG] %c[getTrigger] error: sound RolandTR909_bd not found! Is it loaded? background-color: black;color:white;border-radius:15px @ http://localhost:3000/node_modules/@strudel/web/dist/index.js:0
[   76918ms] [LOG] %c[getTrigger] error: sound RolandTR909_hh not found! Is it loaded? background-color: black;color:white;border-radius:15px @ http://localhost:3000/node_modules/@strudel/web/dist/index.js:0
[   77414ms] [LOG] %c[getTrigger] error: sound RolandTR909_sd not found! Is it loaded? background-color: black;color:white;border-radius:15px @ http://localhost:3000/node_modules/@strudel/web/dist/index.js:0
[   77414ms] [LOG] %c[getTrigger] error: sound RolandTR909_hh not found! Is it loaded? background-color: black;color:white;border-radius:15px @ http://localhost:3000/node_modules/@strudel/web/dist/index.js:0
[   77910ms] [LOG] %c[getTrigger] error: sound RolandTR909_bd not found! Is it loaded? background-color: black;color:white;border-radius:15px @ http://localhost:3000/node_modules/@strudel/web/dist/index.js:0
[   77910ms] [LOG] %c[getTrigger] error: sound RolandTR909_hh not found! Is it loaded? background-color: black;color:white;border-radius:15px @ http://localhost:3000/node_modules/@strudel/web/dist/index.js:0
[   78418ms] [LOG] %c[getTrigger] error: sound RolandTR909_sd not found! Is it loaded? background-color: black;color:white;border-radius:15px @ http://localhost:3000/node_modules/@strudel/web/dist/index.js:0
[   78419ms] [LOG] %c[getTrigger] error: sound RolandTR909_hh not found! Is it loaded? background-color: black;color:white;border-radius:15px @ http://localhost:3000/node_modules/@strudel/web/dist/index.js:0
[   78913ms] [LOG] %c[getTrigger] error: sound RolandTR909_bd not found! Is it loaded? background-color: black;color:white;border-radius:15px @ http://localhost:3000/node_modules/@strudel/web/dist/index.js:0
[   78913ms] [LOG] %c[getTrigger] error: sound RolandTR909_hh not found! Is it loaded? background-color: black;color:white;border-radius:15px @ http://localhost:3000/node_modules/@strudel/web/dist/index.js:0
[   79422ms] [LOG] %c[getTrigger] error: sound RolandTR909_sd not found! Is it loaded? background-color: black;color:white;border-radius:15px @ http://localhost:3000/node_modules/@strudel/web/dist/index.js:0
[   79422ms] [LOG] %c[getTrigger] error: sound RolandTR909_hh not found! Is it loaded? background-color: black;color:white;border-radius:15px @ http://localhost:3000/node_modules/@strudel/web/dist/index.js:0
[   79916ms] [LOG] %c[getTrigger] error: sound RolandTR909_bd not found! Is it loaded? background-color: black;color:white;border-radius:15px @ http://localhost:3000/node_modules/@strudel/web/dist/index.js:0
[   79916ms] [LOG] %c[getTrigger] error: sound RolandTR909_hh not found! Is it loaded? background-color: black;color:white;border-radius:15px @ http://localhost:3000/node_modules/@strudel/web/dist/index.js:0
[   80409ms] [LOG] %c[getTrigger] error: sound RolandTR909_sd not found! Is it loaded? background-color: black;color:white;border-radius:15px @ http://localhost:3000/node_modules/@strudel/web/dist/index.js:0
[   80409ms] [LOG] %c[getTrigger] error: sound RolandTR909_hh not found! Is it loaded? background-color: black;color:white;border-radius:15px @ http://localhost:3000/node_modules/@strudel/web/dist/index.js:0
[   80918ms] [LOG] %c[getTrigger] error: sound RolandTR909_bd not found! Is it loaded? background-color: black;color:white;border-radius:15px @ http://localhost:3000/node_modules/@strudel/web/dist/index.js:0
[   80918ms] [LOG] %c[getTrigger] error: sound RolandTR909_hh not found! Is it loaded? background-color: black;color:white;border-radius:15px @ http://localhost:3000/node_modules/@strudel/web/dist/index.js:0
[   81413ms] [LOG] %c[getTrigger] error: sound RolandTR909_sd not found! Is it loaded? background-color: black;color:white;border-radius:15px @ http://localhost:3000/node_modules/@strudel/web/dist/index.js:0
[   81413ms] [LOG] %c[getTrigger] error: sound RolandTR909_hh not found! Is it loaded? background-color: black;color:white;border-radius:15px @ http://localhost:3000/node_modules/@strudel/web/dist/index.js:0
[   81923ms] [LOG] %c[getTrigger] error: sound RolandTR909_bd not found! Is it loaded? background-color: black;color:white;border-radius:15px @ http://localhost:3000/node_modules/@strudel/web/dist/index.js:0
[   81923ms] [LOG] %c[getTrigger] error: sound RolandTR909_hh not found! Is it loaded? background-color: black;color:white;border-radius:15px @ http://localhost:3000/node_modules/@strudel/web/dist/index.js:0
[   82415ms] [LOG] %c[getTrigger] error: sound RolandTR909_sd not found! Is it loaded? background-color: black;color:white;border-radius:15px @ http://localhost:3000/node_modules/@strudel/web/dist/index.js:0
[   82415ms] [LOG] %c[getTrigger] error: sound RolandTR909_hh not found! Is it loaded? background-color: black;color:white;border-radius:15px @ http://localhost:3000/node_modules/@strudel/web/dist/index.js:0
[   82924ms] [LOG] %c[getTrigger] error: sound RolandTR909_bd not found! Is it loaded? background-color: black;color:white;border-radius:15px @ http://localhost:3000/node_modules/@strudel/web/dist/index.js:0
[   82924ms] [LOG] %c[getTrigger] error: sound RolandTR909_hh not found! Is it loaded? background-color: black;color:white;border-radius:15px @ http://localhost:3000/node_modules/@strudel/web/dist/index.js:0
[   83417ms] [LOG] %c[getTrigger] error: sound RolandTR909_sd not found! Is it loaded? background-color: black;color:white;border-radius:15px @ http://localhost:3000/node_modules/@strudel/web/dist/index.js:0
[   83418ms] [LOG] %c[getTrigger] error: sound RolandTR909_hh not found! Is it loaded? background-color: black;color:white;border-radius:15px @ http://localhost:3000/node_modules/@strudel/web/dist/index.js:0
[   83911ms] [LOG] %c[getTrigger] error: sound RolandTR909_bd not found! Is it loaded? background-color: black;color:white;border-radius:15px @ http://localhost:3000/node_modules/@strudel/web/dist/index.js:0
[   83912ms] [LOG] %c[getTrigger] error: sound RolandTR909_hh not found! Is it loaded? background-color: black;color:white;border-radius:15px @ http://localhost:3000/node_modules/@strudel/web/dist/index.js:0
[   84420ms] [LOG] %c[getTrigger] error: sound RolandTR909_sd not found! Is it loaded? background-color: black;color:white;border-radius:15px @ http://localhost:3000/node_modules/@strudel/web/dist/index.js:0
[   84420ms] [LOG] %c[getTrigger] error: sound RolandTR909_hh not found! Is it loaded? background-color: black;color:white;border-radius:15px @ http://localhost:3000/node_modules/@strudel/web/dist/index.js:0
[   84914ms] [LOG] %c[getTrigger] error: sound RolandTR909_bd not found! Is it loaded? background-color: black;color:white;border-radius:15px @ http://localhost:3000/node_modules/@strudel/web/dist/index.js:0
[   84914ms] [LOG] %c[getTrigger] error: sound RolandTR909_hh not found! Is it loaded? background-color: black;color:white;border-radius:15px @ http://localhost:3000/node_modules/@strudel/web/dist/index.js:0
[   85423ms] [LOG] %c[getTrigger] error: sound RolandTR909_sd not found! Is it loaded? background-color: black;color:white;border-radius:15px @ http://localhost:3000/node_modules/@strudel/web/dist/index.js:0
[   85423ms] [LOG] %c[getTrigger] error: sound RolandTR909_hh not found! Is it loaded? background-color: black;color:white;border-radius:15px @ http://localhost:3000/node_modules/@strudel/web/dist/index.js:0
[   85917ms] [LOG] %c[getTrigger] error: sound RolandTR909_bd not found! Is it loaded? background-color: black;color:white;border-radius:15px @ http://localhost:3000/node_modules/@strudel/web/dist/index.js:0
[   85917ms] [LOG] %c[getTrigger] error: sound RolandTR909_hh not found! Is it loaded? background-color: black;color:white;border-radius:15px @ http://localhost:3000/node_modules/@strudel/web/dist/index.js:0
[   86410ms] [LOG] %c[getTrigger] error: sound RolandTR909_sd not found! Is it loaded? background-color: black;color:white;border-radius:15px @ http://localhost:3000/node_modules/@strudel/web/dist/index.js:0
[   86410ms] [LOG] %c[getTrigger] error: sound RolandTR909_hh not found! Is it loaded? background-color: black;color:white;border-radius:15px @ http://localhost:3000/node_modules/@strudel/web/dist/index.js:0
[   86919ms] [LOG] %c[getTrigger] error: sound RolandTR909_bd not found! Is it loaded? background-color: black;color:white;border-radius:15px @ http://localhost:3000/node_modules/@strudel/web/dist/index.js:0
[   86919ms] [LOG] %c[getTrigger] error: sound RolandTR909_hh not found! Is it loaded? background-color: black;color:white;border-radius:15px @ http://localhost:3000/node_modules/@strudel/web/dist/index.js:0
[   87413ms] [LOG] %c[getTrigger] error: sound RolandTR909_sd not found! Is it loaded? background-color: black;color:white;border-radius:15px @ http://localhost:3000/node_modules/@strudel/web/dist/index.js:0
[   87414ms] [LOG] %c[getTrigger] error: sound RolandTR909_hh not found! Is it loaded? background-color: black;color:white;border-radius:15px @ http://localhost:3000/node_modules/@strudel/web/dist/index.js:0
[   87921ms] [LOG] %c[getTrigger] error: sound RolandTR909_bd not found! Is it loaded? background-color: black;color:white;border-radius:15px @ http://localhost:3000/node_modules/@strudel/web/dist/index.js:0
[   87921ms] [LOG] %c[getTrigger] error: sound RolandTR909_hh not found! Is it loaded? background-color: black;color:white;border-radius:15px @ http://localhost:3000/node_modules/@strudel/web/dist/index.js:0
[   88415ms] [LOG] %c[getTrigger] error: sound RolandTR909_sd not found! Is it loaded? background-color: black;color:white;border-radius:15px @ http://localhost:3000/node_modules/@strudel/web/dist/index.js:0
[   88415ms] [LOG] %c[getTrigger] error: sound RolandTR909_hh not found! Is it loaded? background-color: black;color:white;border-radius:15px @ http://localhost:3000/node_modules/@strudel/web/dist/index.js:0
[   88910ms] [LOG] %c[getTrigger] error: sound RolandTR909_bd not found! Is it loaded? background-color: black;color:white;border-radius:15px @ http://localhost:3000/node_modules/@strudel/web/dist/index.js:0
[   88910ms] [LOG] %c[getTrigger] error: sound RolandTR909_hh not found! Is it loaded? background-color: black;color:white;border-radius:15px @ http://localhost:3000/node_modules/@strudel/web/dist/index.js:0
[   89420ms] [LOG] %c[getTrigger] error: sound RolandTR909_sd not found! Is it loaded? background-color: black;color:white;border-radius:15px @ http://localhost:3000/node_modules/@strudel/web/dist/index.js:0
[   89421ms] [LOG] %c[getTrigger] error: sound RolandTR909_hh not found! Is it loaded? background-color: black;color:white;border-radius:15px @ http://localhost:3000/node_modules/@strudel/web/dist/index.js:0
[   89913ms] [LOG] %c[getTrigger] error: sound RolandTR909_bd not found! Is it loaded? background-color: black;color:white;border-radius:15px @ http://localhost:3000/node_modules/@strudel/web/dist/index.js:0
[   89913ms] [LOG] %c[getTrigger] error: sound RolandTR909_hh not found! Is it loaded? background-color: black;color:white;border-radius:15px @ http://localhost:3000/node_modules/@strudel/web/dist/index.js:0
[   90421ms] [LOG] %c[getTrigger] error: sound RolandTR909_sd not found! Is it loaded? background-color: black;color:white;border-radius:15px @ http://localhost:3000/node_modules/@strudel/web/dist/index.js:0
[   90421ms] [LOG] %c[getTrigger] error: sound RolandTR909_hh not found! Is it loaded? background-color: black;color:white;border-radius:15px @ http://localhost:3000/node_modules/@strudel/web/dist/index.js:0
[   90916ms] [LOG] %c[getTrigger] error: sound RolandTR909_bd not found! Is it loaded? background-color: black;color:white;border-radius:15px @ http://localhost:3000/node_modules/@strudel/web/dist/index.js:0
[   90916ms] [LOG] %c[getTrigger] error: sound RolandTR909_hh not found! Is it loaded? background-color: black;color:white;border-radius:15px @ http://localhost:3000/node_modules/@strudel/web/dist/index.js:0
[   91409ms] [LOG] %c[getTrigger] error: sound RolandTR909_sd not found! Is it loaded? background-color: black;color:white;border-radius:15px @ http://localhost:3000/node_modules/@strudel/web/dist/index.js:0
[   91409ms] [LOG] %c[getTrigger] error: sound RolandTR909_hh not found! Is it loaded? background-color: black;color:white;border-radius:15px @ http://localhost:3000/node_modules/@strudel/web/dist/index.js:0
[   91919ms] [LOG] %c[getTrigger] error: sound RolandTR909_bd not found! Is it loaded? background-color: black;color:white;border-radius:15px @ http://localhost:3000/node_modules/@strudel/web/dist/index.js:0
[   91919ms] [LOG] %c[getTrigger] error: sound RolandTR909_hh not found! Is it loaded? background-color: black;color:white;border-radius:15px @ http://localhost:3000/node_modules/@strudel/web/dist/index.js:0
[   92411ms] [LOG] %c[getTrigger] error: sound RolandTR909_sd not found! Is it loaded? background-color: black;color:white;border-radius:15px @ http://localhost:3000/node_modules/@strudel/web/dist/index.js:0
[   92412ms] [LOG] %c[getTrigger] error: sound RolandTR909_hh not found! Is it loaded? background-color: black;color:white;border-radius:15px @ http://localhost:3000/node_modules/@strudel/web/dist/index.js:0
[   92920ms] [LOG] %c[getTrigger] error: sound RolandTR909_bd not found! Is it loaded? background-color: black;color:white;border-radius:15px @ http://localhost:3000/node_modules/@strudel/web/dist/index.js:0
[   92920ms] [LOG] %c[getTrigger] error: sound RolandTR909_hh not found! Is it loaded? background-color: black;color:white;border-radius:15px @ http://localhost:3000/node_modules/@strudel/web/dist/index.js:0
[   93412ms] [LOG] %c[getTrigger] error: sound RolandTR909_sd not found! Is it loaded? background-color: black;color:white;border-radius:15px @ http://localhost:3000/node_modules/@strudel/web/dist/index.js:0
[   93412ms] [LOG] %c[getTrigger] error: sound RolandTR909_hh not found! Is it loaded? background-color: black;color:white;border-radius:15px @ http://localhost:3000/node_modules/@strudel/web/dist/index.js:0
[   93922ms] [LOG] %c[getTrigger] error: sound RolandTR909_bd not found! Is it loaded? background-color: black;color:white;border-radius:15px @ http://localhost:3000/node_modules/@strudel/web/dist/index.js:0
[   93922ms] [LOG] %c[getTrigger] error: sound RolandTR909_hh not found! Is it loaded? background-color: black;color:white;border-radius:15px @ http://localhost:3000/node_modules/@strudel/web/dist/index.js:0
[   94414ms] [LOG] %c[getTrigger] error: sound RolandTR909_sd not found! Is it loaded? background-color: black;color:white;border-radius:15px @ http://localhost:3000/node_modules/@strudel/web/dist/index.js:0
[   94415ms] [LOG] %c[getTrigger] error: sound RolandTR909_hh not found! Is it loaded? background-color: black;color:white;border-radius:15px @ http://localhost:3000/node_modules/@strudel/web/dist/index.js:0
[   94910ms] [LOG] %c[getTrigger] error: sound RolandTR909_bd not found! Is it loaded? background-color: black;color:white;border-radius:15px @ http://localhost:3000/node_modules/@strudel/web/dist/index.js:0
[   94910ms] [LOG] %c[getTrigger] error: sound RolandTR909_hh not found! Is it loaded? background-color: black;color:white;border-radius:15px @ http://localhost:3000/node_modules/@strudel/web/dist/index.js:0
[   95420ms] [LOG] %c[getTrigger] error: sound RolandTR909_sd not found! Is it loaded? background-color: black;color:white;border-radius:15px @ http://localhost:3000/node_modules/@strudel/web/dist/index.js:0
[   95420ms] [LOG] %c[getTrigger] error: sound RolandTR909_hh not found! Is it loaded? background-color: black;color:white;border-radius:15px @ http://localhost:3000/node_modules/@strudel/web/dist/index.js:0
[   95911ms] [LOG] %c[getTrigger] error: sound RolandTR909_bd not found! Is it loaded? background-color: black;color:white;border-radius:15px @ http://localhost:3000/node_modules/@strudel/web/dist/index.js:0
[   95911ms] [LOG] %c[getTrigger] error: sound RolandTR909_hh not found! Is it loaded? background-color: black;color:white;border-radius:15px @ http://localhost:3000/node_modules/@strudel/web/dist/index.js:0
[   96421ms] [LOG] %c[getTrigger] error: sound RolandTR909_sd not found! Is it loaded? background-color: black;color:white;border-radius:15px @ http://localhost:3000/node_modules/@strudel/web/dist/index.js:0
[   96421ms] [LOG] %c[getTrigger] error: sound RolandTR909_hh not found! Is it loaded? background-color: black;color:white;border-radius:15px @ http://localhost:3000/node_modules/@strudel/web/dist/index.js:0
[   96917ms] [LOG] %c[getTrigger] error: sound RolandTR909_bd not found! Is it loaded? background-color: black;color:white;border-radius:15px @ http://localhost:3000/node_modules/@strudel/web/dist/index.js:0
[   96917ms] [LOG] %c[getTrigger] error: sound RolandTR909_hh not found! Is it loaded? background-color: black;color:white;border-radius:15px @ http://localhost:3000/node_modules/@strudel/web/dist/index.js:0
[   97413ms] [LOG] %c[getTrigger] error: sound RolandTR909_sd not found! Is it loaded? background-color: black;color:white;border-radius:15px @ http://localhost:3000/node_modules/@strudel/web/dist/index.js:0
[   97413ms] [LOG] %c[getTrigger] error: sound RolandTR909_hh not found! Is it loaded? background-color: black;color:white;border-radius:15px @ http://localhost:3000/node_modules/@strudel/web/dist/index.js:0
[   97922ms] [LOG] %c[getTrigger] error: sound RolandTR909_bd not found! Is it loaded? background-color: black;color:white;border-radius:15px @ http://localhost:3000/node_modules/@strudel/web/dist/index.js:0
[   97922ms] [LOG] %c[getTrigger] error: sound RolandTR909_hh not found! Is it loaded? background-color: black;color:white;border-radius:15px @ http://localhost:3000/node_modules/@strudel/web/dist/index.js:0
[   98415ms] [LOG] %c[getTrigger] error: sound RolandTR909_sd not found! Is it loaded? background-color: black;color:white;border-radius:15px @ http://localhost:3000/node_modules/@strudel/web/dist/index.js:0
[   98415ms] [LOG] %c[getTrigger] error: sound RolandTR909_hh not found! Is it loaded? background-color: black;color:white;border-radius:15px @ http://localhost:3000/node_modules/@strudel/web/dist/index.js:0
[   98923ms] [LOG] %c[getTrigger] error: sound RolandTR909_bd not found! Is it loaded? background-color: black;color:white;border-radius:15px @ http://localhost:3000/node_modules/@strudel/web/dist/index.js:0
[   98923ms] [LOG] %c[getTrigger] error: sound RolandTR909_hh not found! Is it loaded? background-color: black;color:white;border-radius:15px @ http://localhost:3000/node_modules/@strudel/web/dist/index.js:0
[   99416ms] [LOG] %c[getTrigger] error: sound RolandTR909_sd not found! Is it loaded? background-color: black;color:white;border-radius:15px @ http://localhost:3000/node_modules/@strudel/web/dist/index.js:0
[   99416ms] [LOG] %c[getTrigger] error: sound RolandTR909_hh not found! Is it loaded? background-color: black;color:white;border-radius:15px @ http://localhost:3000/node_modules/@strudel/web/dist/index.js:0
[   99911ms] [LOG] %c[getTrigger] error: sound RolandTR909_bd not found! Is it loaded? background-color: black;color:white;border-radius:15px @ http://localhost:3000/node_modules/@strudel/web/dist/index.js:0
[   99912ms] [LOG] %c[getTrigger] error: sound RolandTR909_hh not found! Is it loaded? background-color: black;color:white;border-radius:15px @ http://localhost:3000/node_modules/@strudel/web/dist/index.js:0
[  100417ms] [LOG] %c[getTrigger] error: sound RolandTR909_sd not found! Is it loaded? background-color: black;color:white;border-radius:15px @ http://localhost:3000/node_modules/@strudel/web/dist/index.js:0
[  100417ms] [LOG] %c[getTrigger] error: sound RolandTR909_hh not found! Is it loaded? background-color: black;color:white;border-radius:15px @ http://localhost:3000/node_modules/@strudel/web/dist/index.js:0
[  100910ms] [LOG] %c[getTrigger] error: sound RolandTR909_bd not found! Is it loaded? background-color: black;color:white;border-radius:15px @ http://localhost:3000/node_modules/@strudel/web/dist/index.js:0
[  100911ms] [LOG] %c[getTrigger] error: sound RolandTR909_hh not found! Is it loaded? background-color: black;color:white;border-radius:15px @ http://localhost:3000/node_modules/@strudel/web/dist/index.js:0
[  101419ms] [LOG] %c[getTrigger] error: sound RolandTR909_sd not found! Is it loaded? background-color: black;color:white;border-radius:15px @ http://localhost:3000/node_modules/@strudel/web/dist/index.js:0
[  101419ms] [LOG] %c[getTrigger] error: sound RolandTR909_hh not found! Is it loaded? background-color: black;color:white;border-radius:15px @ http://localhost:3000/node_modules/@strudel/web/dist/index.js:0
[  101912ms] [LOG] %c[getTrigger] error: sound RolandTR909_bd not found! Is it loaded? background-color: black;color:white;border-radius:15px @ http://localhost:3000/node_modules/@strudel/web/dist/index.js:0
[  101913ms] [LOG] %c[getTrigger] error: sound RolandTR909_hh not found! Is it loaded? background-color: black;color:white;border-radius:15px @ http://localhost:3000/node_modules/@strudel/web/dist/index.js:0
[  102422ms] [LOG] %c[getTrigger] error: sound RolandTR909_sd not found! Is it loaded? background-color: black;color:white;border-radius:15px @ http://localhost:3000/node_modules/@strudel/web/dist/index.js:0
[  102422ms] [LOG] %c[getTrigger] error: sound RolandTR909_hh not found! Is it loaded? background-color: black;color:white;border-radius:15px @ http://localhost:3000/node_modules/@strudel/web/dist/index.js:0
[  102914ms] [LOG] %c[getTrigger] error: sound RolandTR909_bd not found! Is it loaded? background-color: black;color:white;border-radius:15px @ http://localhost:3000/node_modules/@strudel/web/dist/index.js:0
[  102914ms] [LOG] %c[getTrigger] error: sound RolandTR909_hh not found! Is it loaded? background-color: black;color:white;border-radius:15px @ http://localhost:3000/node_modules/@strudel/web/dist/index.js:0
[  103408ms] [LOG] %c[getTrigger] error: sound RolandTR909_sd not found! Is it loaded? background-color: black;color:white;border-radius:15px @ http://localhost:3000/node_modules/@strudel/web/dist/index.js:0
[  103408ms] [LOG] %c[getTrigger] error: sound RolandTR909_hh not found! Is it loaded? background-color: black;color:white;border-radius:15px @ http://localhost:3000/node_modules/@strudel/web/dist/index.js:0
[  103918ms] [LOG] %c[getTrigger] error: sound RolandTR909_bd not found! Is it loaded? background-color: black;color:white;border-radius:15px @ http://localhost:3000/node_modules/@strudel/web/dist/index.js:0
[  103918ms] [LOG] %c[getTrigger] error: sound RolandTR909_hh not found! Is it loaded? background-color: black;color:white;border-radius:15px @ http://localhost:3000/node_modules/@strudel/web/dist/index.js:0
[  104411ms] [LOG] %c[getTrigger] error: sound RolandTR909_sd not found! Is it loaded? background-color: black;color:white;border-radius:15px @ http://localhost:3000/node_modules/@strudel/web/dist/index.js:0
[  104411ms] [LOG] %c[getTrigger] error: sound RolandTR909_hh not found! Is it loaded? background-color: black;color:white;border-radius:15px @ http://localhost:3000/node_modules/@strudel/web/dist/index.js:0
[  104919ms] [LOG] %c[getTrigger] error: sound RolandTR909_bd not found! Is it loaded? background-color: black;color:white;border-radius:15px @ http://localhost:3000/node_modules/@strudel/web/dist/index.js:0
[  104919ms] [LOG] %c[getTrigger] error: sound RolandTR909_hh not found! Is it loaded? background-color: black;color:white;border-radius:15px @ http://localhost:3000/node_modules/@strudel/web/dist/index.js:0
[  105412ms] [LOG] %c[getTrigger] error: sound RolandTR909_sd not found! Is it loaded? background-color: black;color:white;border-radius:15px @ http://localhost:3000/node_modules/@strudel/web/dist/index.js:0
[  105412ms] [LOG] %c[getTrigger] error: sound RolandTR909_hh not found! Is it loaded? background-color: black;color:white;border-radius:15px @ http://localhost:3000/node_modules/@strudel/web/dist/index.js:0
[  105923ms] [LOG] %c[getTrigger] error: sound RolandTR909_bd not found! Is it loaded? background-color: black;color:white;border-radius:15px @ http://localhost:3000/node_modules/@strudel/web/dist/index.js:0
[  105923ms] [LOG] %c[getTrigger] error: sound RolandTR909_hh not found! Is it loaded? background-color: black;color:white;border-radius:15px @ http://localhost:3000/node_modules/@strudel/web/dist/index.js:0
[  106415ms] [LOG] %c[getTrigger] error: sound RolandTR909_sd not found! Is it loaded? background-color: black;color:white;border-radius:15px @ http://localhost:3000/node_modules/@strudel/web/dist/index.js:0
[  106415ms] [LOG] %c[getTrigger] error: sound RolandTR909_hh not found! Is it loaded? background-color: black;color:white;border-radius:15px @ http://localhost:3000/node_modules/@strudel/web/dist/index.js:0
[  106910ms] [LOG] %c[getTrigger] error: sound RolandTR909_bd not found! Is it loaded? background-color: black;color:white;border-radius:15px @ http://localhost:3000/node_modules/@strudel/web/dist/index.js:0
[  106910ms] [LOG] %c[getTrigger] error: sound RolandTR909_hh not found! Is it loaded? background-color: black;color:white;border-radius:15px @ http://localhost:3000/node_modules/@strudel/web/dist/index.js:0
[  107419ms] [LOG] %c[getTrigger] error: sound RolandTR909_sd not found! Is it loaded? background-color: black;color:white;border-radius:15px @ http://localhost:3000/node_modules/@strudel/web/dist/index.js:0
[  107420ms] [LOG] %c[getTrigger] error: sound RolandTR909_hh not found! Is it loaded? background-color: black;color:white;border-radius:15px @ http://localhost:3000/node_modules/@strudel/web/dist/index.js:0
[  107915ms] [LOG] %c[getTrigger] error: sound RolandTR909_bd not found! Is it loaded? background-color: black;color:white;border-radius:15px @ http://localhost:3000/node_modules/@strudel/web/dist/index.js:0
[  107915ms] [LOG] %c[getTrigger] error: sound RolandTR909_hh not found! Is it loaded? background-color: black;color:white;border-radius:15px @ http://localhost:3000/node_modules/@strudel/web/dist/index.js:0
[  108422ms] [LOG] %c[getTrigger] error: sound RolandTR909_sd not found! Is it loaded? background-color: black;color:white;border-radius:15px @ http://localhost:3000/node_modules/@strudel/web/dist/index.js:0
[  108423ms] [LOG] %c[getTrigger] error: sound RolandTR909_hh not found! Is it loaded? background-color: black;color:white;border-radius:15px @ http://localhost:3000/node_modules/@strudel/web/dist/index.js:0
[  108916ms] [LOG] %c[getTrigger] error: sound RolandTR909_bd not found! Is it loaded? background-color: black;color:white;border-radius:15px @ http://localhost:3000/node_modules/@strudel/web/dist/index.js:0
[  108916ms] [LOG] %c[getTrigger] error: sound RolandTR909_hh not found! Is it loaded? background-color: black;color:white;border-radius:15px @ http://localhost:3000/node_modules/@strudel/web/dist/index.js:0
[  109409ms] [LOG] %c[getTrigger] error: sound RolandTR909_sd not found! Is it loaded? background-color: black;color:white;border-radius:15px @ http://localhost:3000/node_modules/@strudel/web/dist/index.js:0
[  109410ms] [LOG] %c[getTrigger] error: sound RolandTR909_hh not found! Is it loaded? background-color: black;color:white;border-radius:15px @ http://localhost:3000/node_modules/@strudel/web/dist/index.js:0
[  109917ms] [LOG] %c[getTrigger] error: sound RolandTR909_bd not found! Is it loaded? background-color: black;color:white;border-radius:15px @ http://localhost:3000/node_modules/@strudel/web/dist/index.js:0
[  109917ms] [LOG] %c[getTrigger] error: sound RolandTR909_hh not found! Is it loaded? background-color: black;color:white;border-radius:15px @ http://localhost:3000/node_modules/@strudel/web/dist/index.js:0
[  110410ms] [LOG] %c[getTrigger] error: sound RolandTR909_sd not found! Is it loaded? background-color: black;color:white;border-radius:15px @ http://localhost:3000/node_modules/@strudel/web/dist/index.js:0
[  110411ms] [LOG] %c[getTrigger] error: sound RolandTR909_hh not found! Is it loaded? background-color: black;color:white;border-radius:15px @ http://localhost:3000/node_modules/@strudel/web/dist/index.js:0
[  110921ms] [LOG] %c[getTrigger] error: sound RolandTR909_bd not found! Is it loaded? background-color: black;color:white;border-radius:15px @ http://localhost:3000/node_modules/@strudel/web/dist/index.js:0
[  110921ms] [LOG] %c[getTrigger] error: sound RolandTR909_hh not found! Is it loaded? background-color: black;color:white;border-radius:15px @ http://localhost:3000/node_modules/@strudel/web/dist/index.js:0
[  111413ms] [LOG] %c[getTrigger] error: sound RolandTR909_sd not found! Is it loaded? background-color: black;color:white;border-radius:15px @ http://localhost:3000/node_modules/@strudel/web/dist/index.js:0
[  111413ms] [LOG] %c[getTrigger] error: sound RolandTR909_hh not found! Is it loaded? background-color: black;color:white;border-radius:15px @ http://localhost:3000/node_modules/@strudel/web/dist/index.js:0
[  111922ms] [LOG] %c[getTrigger] error: sound RolandTR909_bd not found! Is it loaded? background-color: black;color:white;border-radius:15px @ http://localhost:3000/node_modules/@strudel/web/dist/index.js:0
[  111922ms] [LOG] %c[getTrigger] error: sound RolandTR909_hh not found! Is it loaded? background-color: black;color:white;border-radius:15px @ http://localhost:3000/node_modules/@strudel/web/dist/index.js:0
[  112416ms] [LOG] %c[getTrigger] error: sound RolandTR909_sd not found! Is it loaded? background-color: black;color:white;border-radius:15px @ http://localhost:3000/node_modules/@strudel/web/dist/index.js:0
[  112416ms] [LOG] %c[getTrigger] error: sound RolandTR909_hh not found! Is it loaded? background-color: black;color:white;border-radius:15px @ http://localhost:3000/node_modules/@strudel/web/dist/index.js:0
[  112910ms] [LOG] %c[getTrigger] error: sound RolandTR909_bd not found! Is it loaded? background-color: black;color:white;border-radius:15px @ http://localhost:3000/node_modules/@strudel/web/dist/index.js:0
[  112910ms] [LOG] %c[getTrigger] error: sound RolandTR909_hh not found! Is it loaded? background-color: black;color:white;border-radius:15px @ http://localhost:3000/node_modules/@strudel/web/dist/index.js:0
[  113418ms] [LOG] %c[getTrigger] error: sound RolandTR909_sd not found! Is it loaded? background-color: black;color:white;border-radius:15px @ http://localhost:3000/node_modules/@strudel/web/dist/index.js:0
[  113419ms] [LOG] %c[getTrigger] error: sound RolandTR909_hh not found! Is it loaded? background-color: black;color:white;border-radius:15px @ http://localhost:3000/node_modules/@strudel/web/dist/index.js:0
[  113912ms] [LOG] %c[getTrigger] error: sound RolandTR909_bd not found! Is it loaded? background-color: black;color:white;border-radius:15px @ http://localhost:3000/node_modules/@strudel/web/dist/index.js:0
[  113912ms] [LOG] %c[getTrigger] error: sound RolandTR909_hh not found! Is it loaded? background-color: black;color:white;border-radius:15px @ http://localhost:3000/node_modules/@strudel/web/dist/index.js:0
[  114419ms] [LOG] %c[getTrigger] error: sound RolandTR909_sd not found! Is it loaded? background-color: black;color:white;border-radius:15px @ http://localhost:3000/node_modules/@strudel/web/dist/index.js:0
[  114419ms] [LOG] %c[getTrigger] error: sound RolandTR909_hh not found! Is it loaded? background-color: black;color:white;border-radius:15px @ http://localhost:3000/node_modules/@strudel/web/dist/index.js:0
[  114913ms] [LOG] %c[getTrigger] error: sound RolandTR909_bd not found! Is it loaded? background-color: black;color:white;border-radius:15px @ http://localhost:3000/node_modules/@strudel/web/dist/index.js:0
[  114913ms] [LOG] %c[getTrigger] error: sound RolandTR909_hh not found! Is it loaded? background-color: black;color:white;border-radius:15px @ http://localhost:3000/node_modules/@strudel/web/dist/index.js:0
[  115422ms] [LOG] %c[getTrigger] error: sound RolandTR909_sd not found! Is it loaded? background-color: black;color:white;border-radius:15px @ http://localhost:3000/node_modules/@strudel/web/dist/index.js:0
[  115422ms] [LOG] %c[getTrigger] error: sound RolandTR909_hh not found! Is it loaded? background-color: black;color:white;border-radius:15px @ http://localhost:3000/node_modules/@strudel/web/dist/index.js:0
[  115917ms] [LOG] %c[getTrigger] error: sound RolandTR909_bd not found! Is it loaded? background-color: black;color:white;border-radius:15px @ http://localhost:3000/node_modules/@strudel/web/dist/index.js:0
[  115917ms] [LOG] %c[getTrigger] error: sound RolandTR909_hh not found! Is it loaded? background-color: black;color:white;border-radius:15px @ http://localhost:3000/node_modules/@strudel/web/dist/index.js:0
[  116413ms] [LOG] %c[getTrigger] error: sound RolandTR909_sd not found! Is it loaded? background-color: black;color:white;border-radius:15px @ http://localhost:3000/node_modules/@strudel/web/dist/index.js:0
[  116413ms] [LOG] %c[getTrigger] error: sound RolandTR909_hh not found! Is it loaded? background-color: black;color:white;border-radius:15px @ http://localhost:3000/node_modules/@strudel/web/dist/index.js:0
[  116910ms] [LOG] %c[getTrigger] error: sound RolandTR909_bd not found! Is it loaded? background-color: black;color:white;border-radius:15px @ http://localhost:3000/node_modules/@strudel/web/dist/index.js:0
[  116910ms] [LOG] %c[getTrigger] error: sound RolandTR909_hh not found! Is it loaded? background-color: black;color:white;border-radius:15px @ http://localhost:3000/node_modules/@strudel/web/dist/index.js:0
[  117420ms] [LOG] %c[getTrigger] error: sound RolandTR909_sd not found! Is it loaded? background-color: black;color:white;border-radius:15px @ http://localhost:3000/node_modules/@strudel/web/dist/index.js:0
[  117420ms] [LOG] %c[getTrigger] error: sound RolandTR909_hh not found! Is it loaded? background-color: black;color:white;border-radius:15px @ http://localhost:3000/node_modules/@strudel/web/dist/index.js:0
[  117917ms] [LOG] %c[getTrigger] error: sound RolandTR909_bd not found! Is it loaded? background-color: black;color:white;border-radius:15px @ http://localhost:3000/node_modules/@strudel/web/dist/index.js:0
[  117917ms] [LOG] %c[getTrigger] error: sound RolandTR909_hh not found! Is it loaded? background-color: black;color:white;border-radius:15px @ http://localhost:3000/node_modules/@strudel/web/dist/index.js:0
[  118412ms] [LOG] %c[getTrigger] error: sound RolandTR909_sd not found! Is it loaded? background-color: black;color:white;border-radius:15px @ http://localhost:3000/node_modules/@strudel/web/dist/index.js:0
[  118412ms] [LOG] %c[getTrigger] error: sound RolandTR909_hh not found! Is it loaded? background-color: black;color:white;border-radius:15px @ http://localhost:3000/node_modules/@strudel/web/dist/index.js:0
[  118908ms] [LOG] %c[getTrigger] error: sound RolandTR909_bd not found! Is it loaded? background-color: black;color:white;border-radius:15px @ http://localhost:3000/node_modules/@strudel/web/dist/index.js:0
[  118908ms] [LOG] %c[getTrigger] error: sound RolandTR909_hh not found! Is it loaded? background-color: black;color:white;border-radius:15px @ http://localhost:3000/node_modules/@strudel/web/dist/index.js:0
[  119420ms] [LOG] %c[getTrigger] error: sound RolandTR909_sd not found! Is it loaded? background-color: black;color:white;border-radius:15px @ http://localhost:3000/node_modules/@strudel/web/dist/index.js:0
[  119420ms] [LOG] %c[getTrigger] error: sound RolandTR909_hh not found! Is it loaded? background-color: black;color:white;border-radius:15px @ http://localhost:3000/node_modules/@strudel/web/dist/index.js:0
[  119916ms] [LOG] %c[getTrigger] error: sound RolandTR909_bd not found! Is it loaded? background-color: black;color:white;border-radius:15px @ http://localhost:3000/node_modules/@strudel/web/dist/index.js:0
[  119916ms] [LOG] %c[getTrigger] error: sound RolandTR909_hh not found! Is it loaded? background-color: black;color:white;border-radius:15px @ http://localhost:3000/node_modules/@strudel/web/dist/index.js:0
[  120412ms] [LOG] %c[getTrigger] error: sound RolandTR909_sd not found! Is it loaded? background-color: black;color:white;border-radius:15px @ http://localhost:3000/node_modules/@strudel/web/dist/index.js:0
[  120412ms] [LOG] %c[getTrigger] error: sound RolandTR909_hh not found! Is it loaded? background-color: black;color:white;border-radius:15px @ http://localhost:3000/node_modules/@strudel/web/dist/index.js:0
[  120923ms] [LOG] %c[getTrigger] error: sound RolandTR909_bd not found! Is it loaded? background-color: black;color:white;border-radius:15px @ http://localhost:3000/node_modules/@strudel/web/dist/index.js:0
[  120923ms] [LOG] %c[getTrigger] error: sound RolandTR909_hh not found! Is it loaded? background-color: black;color:white;border-radius:15px @ http://localhost:3000/node_modules/@strudel/web/dist/index.js:0
[  121419ms] [LOG] %c[getTrigger] error: sound RolandTR909_sd not found! Is it loaded? background-color: black;color:white;border-radius:15px @ http://localhost:3000/node_modules/@strudel/web/dist/index.js:0
[  121419ms] [LOG] %c[getTrigger] error: sound RolandTR909_hh not found! Is it loaded? background-color: black;color:white;border-radius:15px @ http://localhost:3000/node_modules/@strudel/web/dist/index.js:0
[  121913ms] [LOG] %c[getTrigger] error: sound RolandTR909_bd not found! Is it loaded? background-color: black;color:white;border-radius:15px @ http://localhost:3000/node_modules/@strudel/web/dist/index.js:0
[  121913ms] [LOG] %c[getTrigger] error: sound RolandTR909_hh not found! Is it loaded? background-color: black;color:white;border-radius:15px @ http://localhost:3000/node_modules/@strudel/web/dist/index.js:0
[  122422ms] [LOG] %c[getTrigger] error: sound RolandTR909_sd not found! Is it loaded? background-color: black;color:white;border-radius:15px @ http://localhost:3000/node_modules/@strudel/web/dist/index.js:0
[  122423ms] [LOG] %c[getTrigger] error: sound RolandTR909_hh not found! Is it loaded? background-color: black;color:white;border-radius:15px @ http://localhost:3000/node_modules/@strudel/web/dist/index.js:0
[  122917ms] [LOG] %c[getTrigger] error: sound RolandTR909_bd not found! Is it loaded? background-color: black;color:white;border-radius:15px @ http://localhost:3000/node_modules/@strudel/web/dist/index.js:0
[  122917ms] [LOG] %c[getTrigger] error: sound RolandTR909_hh not found! Is it loaded? background-color: black;color:white;border-radius:15px @ http://localhost:3000/node_modules/@strudel/web/dist/index.js:0
[  123410ms] [LOG] %c[getTrigger] error: sound RolandTR909_sd not found! Is it loaded? background-color: black;color:white;border-radius:15px @ http://localhost:3000/node_modules/@strudel/web/dist/index.js:0
[  123410ms] [LOG] %c[getTrigger] error: sound RolandTR909_hh not found! Is it loaded? background-color: black;color:white;border-radius:15px @ http://localhost:3000/node_modules/@strudel/web/dist/index.js:0
[  123918ms] [LOG] %c[getTrigger] error: sound RolandTR909_bd not found! Is it loaded? background-color: black;color:white;border-radius:15px @ http://localhost:3000/node_modules/@strudel/web/dist/index.js:0
[  123918ms] [LOG] %c[getTrigger] error: sound RolandTR909_hh not found! Is it loaded? background-color: black;color:white;border-radius:15px @ http://localhost:3000/node_modules/@strudel/web/dist/index.js:0
[  124409ms] [LOG] %c[getTrigger] error: sound RolandTR909_sd not found! Is it loaded? background-color: black;color:white;border-radius:15px @ http://localhost:3000/node_modules/@strudel/web/dist/index.js:0
[  124410ms] [LOG] %c[getTrigger] error: sound RolandTR909_hh not found! Is it loaded? background-color: black;color:white;border-radius:15px @ http://localhost:3000/node_modules/@strudel/web/dist/index.js:0
[  124918ms] [LOG] %c[getTrigger] error: sound RolandTR909_bd not found! Is it loaded? background-color: black;color:white;border-radius:15px @ http://localhost:3000/node_modules/@strudel/web/dist/index.js:0
[  124918ms] [LOG] %c[getTrigger] error: sound RolandTR909_hh not found! Is it loaded? background-color: black;color:white;border-radius:15px @ http://localhost:3000/node_modules/@strudel/web/dist/index.js:0
[  125411ms] [LOG] %c[getTrigger] error: sound RolandTR909_sd not found! Is it loaded? background-color: black;color:white;border-radius:15px @ http://localhost:3000/node_modules/@strudel/web/dist/index.js:0
[  125411ms] [LOG] %c[getTrigger] error: sound RolandTR909_hh not found! Is it loaded? background-color: black;color:white;border-radius:15px @ http://localhost:3000/node_modules/@strudel/web/dist/index.js:0
[  125919ms] [LOG] %c[getTrigger] error: sound RolandTR909_bd not found! Is it loaded? background-color: black;color:white;border-radius:15px @ http://localhost:3000/node_modules/@strudel/web/dist/index.js:0
[  125920ms] [LOG] %c[getTrigger] error: sound RolandTR909_hh not found! Is it loaded? background-color: black;color:white;border-radius:15px @ http://localhost:3000/node_modules/@strudel/web/dist/index.js:0
[  126413ms] [LOG] %c[getTrigger] error: sound RolandTR909_sd not found! Is it loaded? background-color: black;color:white;border-radius:15px @ http://localhost:3000/node_modules/@strudel/web/dist/index.js:0
[  126413ms] [LOG] %c[getTrigger] error: sound RolandTR909_hh not found! Is it loaded? background-color: black;color:white;border-radius:15px @ http://localhost:3000/node_modules/@strudel/web/dist/index.js:0
[  126923ms] [LOG] %c[getTrigger] error: sound RolandTR909_bd not found! Is it loaded? background-color: black;color:white;border-radius:15px @ http://localhost:3000/node_modules/@strudel/web/dist/index.js:0
[  126923ms] [LOG] %c[getTrigger] error: sound RolandTR909_hh not found! Is it loaded? background-color: black;color:white;border-radius:15px @ http://localhost:3000/node_modules/@strudel/web/dist/index.js:0
[  127419ms] [LOG] %c[getTrigger] error: sound RolandTR909_sd not found! Is it loaded? background-color: black;color:white;border-radius:15px @ http://localhost:3000/node_modules/@strudel/web/dist/index.js:0
[  127419ms] [LOG] %c[getTrigger] error: sound RolandTR909_hh not found! Is it loaded? background-color: black;color:white;border-radius:15px @ http://localhost:3000/node_modules/@strudel/web/dist/index.js:0
[  127915ms] [LOG] %c[getTrigger] error: sound RolandTR909_bd not found! Is it loaded? background-color: black;color:white;border-radius:15px @ http://localhost:3000/node_modules/@strudel/web/dist/index.js:0
[  127915ms] [LOG] %c[getTrigger] error: sound RolandTR909_hh not found! Is it loaded? background-color: black;color:white;border-radius:15px @ http://localhost:3000/node_modules/@strudel/web/dist/index.js:0
[  128411ms] [LOG] %c[getTrigger] error: sound RolandTR909_sd not found! Is it loaded? background-color: black;color:white;border-radius:15px @ http://localhost:3000/node_modules/@strudel/web/dist/index.js:0
[  128411ms] [LOG] %c[getTrigger] error: sound RolandTR909_hh not found! Is it loaded? background-color: black;color:white;border-radius:15px @ http://localhost:3000/node_modules/@strudel/web/dist/index.js:0
[  128922ms] [LOG] %c[getTrigger] error: sound RolandTR909_bd not found! Is it loaded? background-color: black;color:white;border-radius:15px @ http://localhost:3000/node_modules/@strudel/web/dist/index.js:0
[  128922ms] [LOG] %c[getTrigger] error: sound RolandTR909_hh not found! Is it loaded? background-color: black;color:white;border-radius:15px @ http://localhost:3000/node_modules/@strudel/web/dist/index.js:0
[  129415ms] [LOG] %c[getTrigger] error: sound RolandTR909_sd not found! Is it loaded? background-color: black;color:white;border-radius:15px @ http://localhost:3000/node_modules/@strudel/web/dist/index.js:0
[  129415ms] [LOG] %c[getTrigger] error: sound RolandTR909_hh not found! Is it loaded? background-color: black;color:white;border-radius:15px @ http://localhost:3000/node_modules/@strudel/web/dist/index.js:0
[  129922ms] [LOG] %c[getTrigger] error: sound RolandTR909_bd not found! Is it loaded? background-color: black;color:white;border-radius:15px @ http://localhost:3000/node_modules/@strudel/web/dist/index.js:0
[  129923ms] [LOG] %c[getTrigger] error: sound RolandTR909_hh not found! Is it loaded? background-color: black;color:white;border-radius:15px @ http://localhost:3000/node_modules/@strudel/web/dist/index.js:0
[  130414ms] [LOG] %c[getTrigger] error: sound RolandTR909_sd not found! Is it loaded? background-color: black;color:white;border-radius:15px @ http://localhost:3000/node_modules/@strudel/web/dist/index.js:0
[  130415ms] [LOG] %c[getTrigger] error: sound RolandTR909_hh not found! Is it loaded? background-color: black;color:white;border-radius:15px @ http://localhost:3000/node_modules/@strudel/web/dist/index.js:0
[  130923ms] [LOG] %c[getTrigger] error: sound RolandTR909_bd not found! Is it loaded? background-color: black;color:white;border-radius:15px @ http://localhost:3000/node_modules/@strudel/web/dist/index.js:0
[  130923ms] [LOG] %c[getTrigger] error: sound RolandTR909_hh not found! Is it loaded? background-color: black;color:white;border-radius:15px @ http://localhost:3000/node_modules/@strudel/web/dist/index.js:0
[  131414ms] [LOG] %c[getTrigger] error: sound RolandTR909_sd not found! Is it loaded? background-color: black;color:white;border-radius:15px @ http://localhost:3000/node_modules/@strudel/web/dist/index.js:0
[  131414ms] [LOG] %c[getTrigger] error: sound RolandTR909_hh not found! Is it loaded? background-color: black;color:white;border-radius:15px @ http://localhost:3000/node_modules/@strudel/web/dist/index.js:0
[  131924ms] [LOG] %c[getTrigger] error: sound RolandTR909_bd not found! Is it loaded? background-color: black;color:white;border-radius:15px @ http://localhost:3000/node_modules/@strudel/web/dist/index.js:0
[  131924ms] [LOG] %c[getTrigger] error: sound RolandTR909_hh not found! Is it loaded? background-color: black;color:white;border-radius:15px @ http://localhost:3000/node_modules/@strudel/web/dist/index.js:0
[  132414ms] [LOG] %c[getTrigger] error: sound RolandTR909_sd not found! Is it loaded? background-color: black;color:white;border-radius:15px @ http://localhost:3000/node_modules/@strudel/web/dist/index.js:0
[  132414ms] [LOG] %c[getTrigger] error: sound RolandTR909_hh not found! Is it loaded? background-color: black;color:white;border-radius:15px @ http://localhost:3000/node_modules/@strudel/web/dist/index.js:0
[  132922ms] [LOG] %c[getTrigger] error: sound RolandTR909_bd not found! Is it loaded? background-color: black;color:white;border-radius:15px @ http://localhost:3000/node_modules/@strudel/web/dist/index.js:0
[  132922ms] [LOG] %c[getTrigger] error: sound RolandTR909_hh not found! Is it loaded? background-color: black;color:white;border-radius:15px @ http://localhost:3000/node_modules/@strudel/web/dist/index.js:0
[  133415ms] [LOG] %c[getTrigger] error: sound RolandTR909_sd not found! Is it loaded? background-color: black;color:white;border-radius:15px @ http://localhost:3000/node_modules/@strudel/web/dist/index.js:0
[  133415ms] [LOG] %c[getTrigger] error: sound RolandTR909_hh not found! Is it loaded? background-color: black;color:white;border-radius:15px @ http://localhost:3000/node_modules/@strudel/web/dist/index.js:0
[  133923ms] [LOG] %c[getTrigger] error: sound RolandTR909_bd not found! Is it loaded? background-color: black;color:white;border-radius:15px @ http://localhost:3000/node_modules/@strudel/web/dist/index.js:0
[  133924ms] [LOG] %c[getTrigger] error: sound RolandTR909_hh not found! Is it loaded? background-color: black;color:white;border-radius:15px @ http://localhost:3000/node_modules/@strudel/web/dist/index.js:0
[  134417ms] [LOG] %c[getTrigger] error: sound RolandTR909_sd not found! Is it loaded? background-color: black;color:white;border-radius:15px @ http://localhost:3000/node_modules/@strudel/web/dist/index.js:0
[  134417ms] [LOG] %c[getTrigger] error: sound RolandTR909_hh not found! Is it loaded? background-color: black;color:white;border-radius:15px @ http://localhost:3000/node_modules/@strudel/web/dist/index.js:0
[  134909ms] [LOG] %c[getTrigger] error: sound RolandTR909_bd not found! Is it loaded? background-color: black;color:white;border-radius:15px @ http://localhost:3000/node_modules/@strudel/web/dist/index.js:0
[  134910ms] [LOG] %c[getTrigger] error: sound RolandTR909_hh not found! Is it loaded? background-color: black;color:white;border-radius:15px @ http://localhost:3000/node_modules/@strudel/web/dist/index.js:0
[  135419ms] [LOG] %c[getTrigger] error: sound RolandTR909_sd not found! Is it loaded? background-color: black;color:white;border-radius:15px @ http://localhost:3000/node_modules/@strudel/web/dist/index.js:0
[  135419ms] [LOG] %c[getTrigger] error: sound RolandTR909_hh not found! Is it loaded? background-color: black;color:white;border-radius:15px @ http://localhost:3000/node_modules/@strudel/web/dist/index.js:0
[  135911ms] [LOG] %c[getTrigger] error: sound RolandTR909_bd not found! Is it loaded? background-color: black;color:white;border-radius:15px @ http://localhost:3000/node_modules/@strudel/web/dist/index.js:0
[  135911ms] [LOG] %c[getTrigger] error: sound RolandTR909_hh not found! Is it loaded? background-color: black;color:white;border-radius:15px @ http://localhost:3000/node_modules/@strudel/web/dist/index.js:0
[  136418ms] [LOG] %c[getTrigger] error: sound RolandTR909_sd not found! Is it loaded? background-color: black;color:white;border-radius:15px @ http://localhost:3000/node_modules/@strudel/web/dist/index.js:0
[  136418ms] [LOG] %c[getTrigger] error: sound RolandTR909_hh not found! Is it loaded? background-color: black;color:white;border-radius:15px @ http://localhost:3000/node_modules/@strudel/web/dist/index.js:0
[  136911ms] [LOG] %c[getTrigger] error: sound RolandTR909_bd not found! Is it loaded? background-color: black;color:white;border-radius:15px @ http://localhost:3000/node_modules/@strudel/web/dist/index.js:0
[  136912ms] [LOG] %c[getTrigger] error: sound RolandTR909_hh not found! Is it loaded? background-color: black;color:white;border-radius:15px @ http://localhost:3000/node_modules/@strudel/web/dist/index.js:0
[  137420ms] [LOG] %c[getTrigger] error: sound RolandTR909_sd not found! Is it loaded? background-color: black;color:white;border-radius:15px @ http://localhost:3000/node_modules/@strudel/web/dist/index.js:0
[  137420ms] [LOG] %c[getTrigger] error: sound RolandTR909_hh not found! Is it loaded? background-color: black;color:white;border-radius:15px @ http://localhost:3000/node_modules/@strudel/web/dist/index.js:0
[  137914ms] [LOG] %c[getTrigger] error: sound RolandTR909_bd not found! Is it loaded? background-color: black;color:white;border-radius:15px @ http://localhost:3000/node_modules/@strudel/web/dist/index.js:0
[  137914ms] [LOG] %c[getTrigger] error: sound RolandTR909_hh not found! Is it loaded? background-color: black;color:white;border-radius:15px @ http://localhost:3000/node_modules/@strudel/web/dist/index.js:0
[  138421ms] [LOG] %c[getTrigger] error: sound RolandTR909_sd not found! Is it loaded? background-color: black;color:white;border-radius:15px @ http://localhost:3000/node_modules/@strudel/web/dist/index.js:0
[  138422ms] [LOG] %c[getTrigger] error: sound RolandTR909_hh not found! Is it loaded? background-color: black;color:white;border-radius:15px @ http://localhost:3000/node_modules/@strudel/web/dist/index.js:0
[  138916ms] [LOG] %c[getTrigger] error: sound RolandTR909_bd not found! Is it loaded? background-color: black;color:white;border-radius:15px @ http://localhost:3000/node_modules/@strudel/web/dist/index.js:0
[  138916ms] [LOG] %c[getTrigger] error: sound RolandTR909_hh not found! Is it loaded? background-color: black;color:white;border-radius:15px @ http://localhost:3000/node_modules/@strudel/web/dist/index.js:0
[  139423ms] [LOG] %c[getTrigger] error: sound RolandTR909_sd not found! Is it loaded? background-color: black;color:white;border-radius:15px @ http://localhost:3000/node_modules/@strudel/web/dist/index.js:0
[  139423ms] [LOG] %c[getTrigger] error: sound RolandTR909_hh not found! Is it loaded? background-color: black;color:white;border-radius:15px @ http://localhost:3000/node_modules/@strudel/web/dist/index.js:0
[  139914ms] [LOG] %c[getTrigger] error: sound RolandTR909_bd not found! Is it loaded? background-color: black;color:white;border-radius:15px @ http://localhost:3000/node_modules/@strudel/web/dist/index.js:0
[  139915ms] [LOG] %c[getTrigger] error: sound RolandTR909_hh not found! Is it loaded? background-color: black;color:white;border-radius:15px @ http://localhost:3000/node_modules/@strudel/web/dist/index.js:0
[  140422ms] [LOG] %c[getTrigger] error: sound RolandTR909_sd not found! Is it loaded? background-color: black;color:white;border-radius:15px @ http://localhost:3000/node_modules/@strudel/web/dist/index.js:0
[  140423ms] [LOG] %c[getTrigger] error: sound RolandTR909_hh not found! Is it loaded? background-color: black;color:white;border-radius:15px @ http://localhost:3000/node_modules/@strudel/web/dist/index.js:0
[  140915ms] [LOG] %c[getTrigger] error: sound RolandTR909_bd not found! Is it loaded? background-color: black;color:white;border-radius:15px @ http://localhost:3000/node_modules/@strudel/web/dist/index.js:0
[  140915ms] [LOG] %c[getTrigger] error: sound RolandTR909_hh not found! Is it loaded? background-color: black;color:white;border-radius:15px @ http://localhost:3000/node_modules/@strudel/web/dist/index.js:0
[  141423ms] [LOG] %c[getTrigger] error: sound RolandTR909_sd not found! Is it loaded? background-color: black;color:white;border-radius:15px @ http://localhost:3000/node_modules/@strudel/web/dist/index.js:0
[  141423ms] [LOG] %c[getTrigger] error: sound RolandTR909_hh not found! Is it loaded? background-color: black;color:white;border-radius:15px @ http://localhost:3000/node_modules/@strudel/web/dist/index.js:0
[  141915ms] [LOG] %c[getTrigger] error: sound RolandTR909_bd not found! Is it loaded? background-color: black;color:white;border-radius:15px @ http://localhost:3000/node_modules/@strudel/web/dist/index.js:0
[  141916ms] [LOG] %c[getTrigger] error: sound RolandTR909_hh not found! Is it loaded? background-color: black;color:white;border-radius:15px @ http://localhost:3000/node_modules/@strudel/web/dist/index.js:0
[  142409ms] [LOG] %c[getTrigger] error: sound RolandTR909_sd not found! Is it loaded? background-color: black;color:white;border-radius:15px @ http://localhost:3000/node_modules/@strudel/web/dist/index.js:0
[  142410ms] [LOG] %c[getTrigger] error: sound RolandTR909_hh not found! Is it loaded? background-color: black;color:white;border-radius:15px @ http://localhost:3000/node_modules/@strudel/web/dist/index.js:0
[  142918ms] [LOG] %c[getTrigger] error: sound RolandTR909_bd not found! Is it loaded? background-color: black;color:white;border-radius:15px @ http://localhost:3000/node_modules/@strudel/web/dist/index.js:0
[  142918ms] [LOG] %c[getTrigger] error: sound RolandTR909_hh not found! Is it loaded? background-color: black;color:white;border-radius:15px @ http://localhost:3000/node_modules/@strudel/web/dist/index.js:0
[  143430ms] [LOG] %c[getTrigger] error: sound RolandTR909_sd not found! Is it loaded? background-color: black;color:white;border-radius:15px @ http://localhost:3000/node_modules/@strudel/web/dist/index.js:0
[  143430ms] [LOG] %c[getTrigger] error: sound RolandTR909_hh not found! Is it loaded? background-color: black;color:white;border-radius:15px @ http://localhost:3000/node_modules/@strudel/web/dist/index.js:0
[  143920ms] [LOG] %c[getTrigger] error: sound RolandTR909_bd not found! Is it loaded? background-color: black;color:white;border-radius:15px @ http://localhost:3000/node_modules/@strudel/web/dist/index.js:0
[  143920ms] [LOG] %c[getTrigger] error: sound RolandTR909_hh not found! Is it loaded? background-color: black;color:white;border-radius:15px @ http://localhost:3000/node_modules/@strudel/web/dist/index.js:0
[  144412ms] [LOG] %c[getTrigger] error: sound RolandTR909_sd not found! Is it loaded? background-color: black;color:white;border-radius:15px @ http://localhost:3000/node_modules/@strudel/web/dist/index.js:0
[  144412ms] [LOG] %c[getTrigger] error: sound RolandTR909_hh not found! Is it loaded? background-color: black;color:white;border-radius:15px @ http://localhost:3000/node_modules/@strudel/web/dist/index.js:0
[  144922ms] [LOG] %c[getTrigger] error: sound RolandTR909_bd not found! Is it loaded? background-color: black;color:white;border-radius:15px @ http://localhost:3000/node_modules/@strudel/web/dist/index.js:0
[  144922ms] [LOG] %c[getTrigger] error: sound RolandTR909_hh not found! Is it loaded? background-color: black;color:white;border-radius:15px @ http://localhost:3000/node_modules/@strudel/web/dist/index.js:0
[  145415ms] [LOG] %c[getTrigger] error: sound RolandTR909_sd not found! Is it loaded? background-color: black;color:white;border-radius:15px @ http://localhost:3000/node_modules/@strudel/web/dist/index.js:0
[  145416ms] [LOG] %c[getTrigger] error: sound RolandTR909_hh not found! Is it loaded? background-color: black;color:white;border-radius:15px @ http://localhost:3000/node_modules/@strudel/web/dist/index.js:0
[  145911ms] [LOG] %c[getTrigger] error: sound RolandTR909_bd not found! Is it loaded? background-color: black;color:white;border-radius:15px @ http://localhost:3000/node_modules/@strudel/web/dist/index.js:0
[  145912ms] [LOG] %c[getTrigger] error: sound RolandTR909_hh not found! Is it loaded? background-color: black;color:white;border-radius:15px @ http://localhost:3000/node_modules/@strudel/web/dist/index.js:0
[  146423ms] [LOG] %c[getTrigger] error: sound RolandTR909_sd not found! Is it loaded? background-color: black;color:white;border-radius:15px @ http://localhost:3000/node_modules/@strudel/web/dist/index.js:0
[  146423ms] [LOG] %c[getTrigger] error: sound RolandTR909_hh not found! Is it loaded? background-color: black;color:white;border-radius:15px @ http://localhost:3000/node_modules/@strudel/web/dist/index.js:0
